2020-01-06 13:48:59 T: 23.95 degC, P: 1022.32 hPa, H: 38.03 %rH, G: 25435 Ohms
2020-01-06 13:49:04 T: 23.95 degC, P: 1022.34 hPa, H: 37.97 %rH, G: 38956 Ohms
2020-01-06 13:49:09 T: 23.95 degC, P: 1022.36 hPa, H: 37.95 %rH, G: 51752 Ohms
2020-01-06 13:49:14 T: 23.96 degC, P: 1022.36 hPa, H: 37.95 %rH, G: 63386 Ohms
2020-01-06 13:49:19 T: 23.96 degC, P: 1022.36 hPa, H: 37.93 %rH, G: 73447 Ohms
2020-01-06 13:49:24 T: 23.97 degC, P: 1022.34 hPa, H: 37.90 %rH, G: 82327 Ohms
2020-01-06 13:49:29 T: 23.97 degC, P: 1022.36 hPa, H: 37.84 %rH, G: 89450 Ohms
2020-01-06 13:49:34 T: 23.97 degC, P: 1022.38 hPa, H: 37.84 %rH, G: 94260 Ohms
2020-01-06 13:49:39 T: 23.98 degC, P: 1022.38 hPa, H: 37.90 %rH, G: 99112 Ohms
2020-01-06 13:49:44 T: 23.98 degC, P: 1022.38 hPa, H: 37.97 %rH, G: 103459 Ohms
2020-01-06 13:49:49 T: 23.99 degC, P: 1022.36 hPa, H: 38.05 %rH, G: 107441 Ohms
2020-01-06 13:49:54 T: 23.99 degC, P: 1022.38 hPa, H: 38.06 %rH, G: 111816 Ohms
2020-01-06 13:49:59 T: 23.99 degC, P: 1022.40 hPa, H: 38.01 %rH, G: 114334 Ohms
2020-01-06 13:50:04 T: 24.00 degC, P: 1022.38 hPa, H: 37.97 %rH, G: 117461 Ohms
2020-01-06 13:50:09 T: 24.00 degC, P: 1022.36 hPa, H: 37.93 %rH, G: 119814 Ohms
2020-01-06 13:50:14 T: 24.00 degC, P: 1022.34 hPa, H: 37.89 %rH, G: 121818 Ohms
2020-01-06 13:50:19 T: 24.01 degC, P: 1022.32 hPa, H: 37.89 %rH, G: 124074 Ohms
2020-01-06 13:50:24 T: 24.01 degC, P: 1022.32 hPa, H: 37.89 %rH, G: 126225 Ohms
2020-01-06 13:50:29 T: 24.01 degC, P: 1022.32 hPa, H: 37.84 %rH, G: 128451 Ohms
2020-01-06 13:50:34 T: 24.01 degC, P: 1022.30 hPa, H: 37.77 %rH, G: 129344 Ohms
2020-01-06 13:50:39 T: 24.01 degC, P: 1022.30 hPa, H: 37.76 %rH, G: 131064 Ohms
2020-01-06 13:50:44 T: 24.01 degC, P: 1022.30 hPa, H: 37.79 %rH, G: 132621 Ohms
2020-01-06 13:50:49 T: 24.01 degC, P: 1022.30 hPa, H: 37.81 %rH, G: 134322 Ohms
2020-01-06 13:50:54 T: 24.01 degC, P: 1022.30 hPa, H: 37.85 %rH, G: 134107 Ohms
2020-01-06 13:50:59 T: 24.01 degC, P: 1022.30 hPa, H: 37.91 %rH, G: 135299 Ohms
2020-01-06 13:51:04 T: 24.01 degC, P: 1022.34 hPa, H: 37.95 %rH, G: 135628 Ohms
2020-01-06 13:51:09 T: 24.01 degC, P: 1022.34 hPa, H: 37.99 %rH, G: 136401 Ohms
2020-01-06 13:51:14 T: 24.02 degC, P: 1022.34 hPa, H: 38.01 %rH, G: 137521 Ohms
2020-01-06 13:51:19 T: 24.02 degC, P: 1022.34 hPa, H: 37.97 %rH, G: 138315 Ohms
2020-01-06 13:51:24 T: 24.02 degC, P: 1022.32 hPa, H: 38.00 %rH, G: 138659 Ohms
2020-01-06 13:51:29 T: 24.03 degC, P: 1022.32 hPa, H: 38.08 %rH, G: 138889 Ohms
2020-01-06 13:51:34 T: 24.03 degC, P: 1022.34 hPa, H: 38.04 %rH, G: 139816 Ohms
2020-01-06 13:51:39 T: 24.04 degC, P: 1022.32 hPa, H: 38.11 %rH, G: 140638 Ohms
2020-01-06 13:51:44 T: 24.04 degC, P: 1022.30 hPa, H: 38.05 %rH, G: 140050 Ohms
2020-01-06 13:51:49 T: 24.04 degC, P: 1022.30 hPa, H: 38.00 %rH, G: 140756 Ohms
2020-01-06 13:51:54 T: 24.05 degC, P: 1022.30 hPa, H: 37.97 %rH, G: 142190 Ohms
2020-01-06 13:51:59 T: 24.05 degC, P: 1022.30 hPa, H: 37.92 %rH, G: 142675 Ohms
2020-01-06 13:52:04 T: 24.05 degC, P: 1022.30 hPa, H: 37.83 %rH, G: 143654 Ohms
2020-01-06 13:52:09 T: 24.05 degC, P: 1022.30 hPa, H: 37.79 %rH, G: 142553 Ohms
2020-01-06 13:52:14 T: 24.05 degC, P: 1022.28 hPa, H: 37.80 %rH, G: 143900 Ohms
2020-01-06 13:52:19 T: 24.05 degC, P: 1022.28 hPa, H: 37.74 %rH, G: 144521 Ohms
2020-01-06 13:52:24 T: 24.05 degC, P: 1022.26 hPa, H: 37.63 %rH, G: 144646 Ohms
2020-01-06 13:52:29 T: 24.05 degC, P: 1022.26 hPa, H: 37.56 %rH, G: 145652 Ohms
2020-01-06 13:52:34 T: 24.05 degC, P: 1022.24 hPa, H: 37.59 %rH, G: 146288 Ohms
2020-01-06 13:52:39 T: 24.05 degC, P: 1022.24 hPa, H: 37.62 %rH, G: 145147 Ohms
2020-01-06 13:52:44 T: 24.05 degC, P: 1022.24 hPa, H: 37.62 %rH, G: 146416 Ohms
2020-01-06 13:52:49 T: 24.05 degC, P: 1022.22 hPa, H: 37.62 %rH, G: 146161 Ohms
2020-01-06 13:52:54 T: 24.04 degC, P: 1022.24 hPa, H: 37.57 %rH, G: 146288 Ohms
2020-01-06 13:52:59 T: 24.04 degC, P: 1022.24 hPa, H: 37.70 %rH, G: 144896 Ohms
2020-01-06 13:53:04 T: 24.04 degC, P: 1022.24 hPa, H: 38.23 %rH, G: 143777 Ohms
2020-01-06 13:53:09 T: 24.04 degC, P: 1022.24 hPa, H: 38.58 %rH, G: 144148 Ohms
2020-01-06 13:53:14 T: 24.04 degC, P: 1022.24 hPa, H: 38.68 %rH, G: 143900 Ohms
2020-01-06 13:53:19 T: 24.05 degC, P: 1022.24 hPa, H: 38.61 %rH, G: 144272 Ohms
2020-01-06 13:53:24 T: 24.05 degC, P: 1022.26 hPa, H: 38.64 %rH, G: 144272 Ohms
2020-01-06 13:53:29 T: 24.05 degC, P: 1022.26 hPa, H: 38.61 %rH, G: 145526 Ohms
2020-01-06 13:53:34 T: 24.05 degC, P: 1022.24 hPa, H: 38.45 %rH, G: 146930 Ohms
2020-01-06 13:53:39 T: 24.05 degC, P: 1022.24 hPa, H: 38.29 %rH, G: 146288 Ohms
2020-01-06 13:53:44 T: 24.05 degC, P: 1022.24 hPa, H: 38.16 %rH, G: 146801 Ohms
2020-01-06 13:53:49 T: 24.05 degC, P: 1022.22 hPa, H: 38.08 %rH, G: 146801 Ohms
2020-01-06 13:53:54 T: 24.05 degC, P: 1022.22 hPa, H: 37.99 %rH, G: 148361 Ohms
2020-01-06 13:53:59 T: 24.05 degC, P: 1022.22 hPa, H: 37.92 %rH, G: 148099 Ohms
2020-01-06 13:54:04 T: 24.05 degC, P: 1022.22 hPa, H: 37.91 %rH, G: 148493 Ohms
2020-01-06 13:54:09 T: 24.05 degC, P: 1022.22 hPa, H: 37.91 %rH, G: 149021 Ohms
2020-01-06 13:54:14 T: 24.05 degC, P: 1022.24 hPa, H: 37.91 %rH, G: 149287 Ohms
2020-01-06 13:54:19 T: 24.05 degC, P: 1022.24 hPa, H: 37.83 %rH, G: 150090 Ohms
2020-01-06 13:54:24 T: 24.05 degC, P: 1022.24 hPa, H: 37.81 %rH, G: 149687 Ohms
2020-01-06 13:54:29 T: 24.05 degC, P: 1022.24 hPa, H: 37.80 %rH, G: 150224 Ohms
2020-01-06 13:54:34 T: 24.05 degC, P: 1022.24 hPa, H: 37.79 %rH, G: 150090 Ohms
2020-01-06 13:54:39 T: 24.05 degC, P: 1022.24 hPa, H: 37.77 %rH, G: 150224 Ohms
2020-01-06 13:54:44 T: 24.05 degC, P: 1022.24 hPa, H: 37.74 %rH, G: 151173 Ohms
2020-01-06 13:54:49 T: 24.05 degC, P: 1022.24 hPa, H: 37.71 %rH, G: 149687 Ohms
2020-01-06 13:54:54 T: 24.05 degC, P: 1022.22 hPa, H: 37.73 %rH, G: 150765 Ohms
2020-01-06 13:54:59 T: 24.05 degC, P: 1022.22 hPa, H: 37.74 %rH, G: 149687 Ohms
2020-01-06 13:55:04 T: 24.05 degC, P: 1022.22 hPa, H: 37.73 %rH, G: 151859 Ohms
2020-01-06 13:55:09 T: 24.05 degC, P: 1022.22 hPa, H: 37.71 %rH, G: 151996 Ohms
2020-01-06 13:55:14 T: 24.05 degC, P: 1022.20 hPa, H: 37.71 %rH, G: 150359 Ohms
2020-01-06 13:55:19 T: 24.05 degC, P: 1022.20 hPa, H: 37.71 %rH, G: 151996 Ohms
2020-01-06 13:55:24 T: 24.05 degC, P: 1022.20 hPa, H: 37.72 %rH, G: 150765 Ohms
2020-01-06 13:55:29 T: 24.05 degC, P: 1022.18 hPa, H: 37.74 %rH, G: 150494 Ohms
2020-01-06 13:55:34 T: 24.05 degC, P: 1022.18 hPa, H: 37.73 %rH, G: 150359 Ohms
2020-01-06 13:55:39 T: 24.05 degC, P: 1022.16 hPa, H: 37.74 %rH, G: 151447 Ohms
2020-01-06 13:55:44 T: 24.05 degC, P: 1022.16 hPa, H: 37.63 %rH, G: 151173 Ohms
2020-01-06 13:55:49 T: 24.05 degC, P: 1022.18 hPa, H: 37.55 %rH, G: 151037 Ohms
2020-01-06 13:55:54 T: 24.05 degC, P: 1022.16 hPa, H: 37.60 %rH, G: 150901 Ohms
2020-01-06 13:55:59 T: 24.05 degC, P: 1022.16 hPa, H: 37.67 %rH, G: 151310 Ohms
2020-01-06 13:56:04 T: 24.05 degC, P: 1022.16 hPa, H: 37.69 %rH, G: 150901 Ohms
2020-01-06 13:56:09 T: 24.05 degC, P: 1022.14 hPa, H: 37.71 %rH, G: 150629 Ohms
2020-01-06 13:56:14 T: 24.05 degC, P: 1022.14 hPa, H: 37.67 %rH, G: 151859 Ohms
2020-01-06 13:56:19 T: 24.05 degC, P: 1022.14 hPa, H: 37.64 %rH, G: 152134 Ohms
2020-01-06 13:56:24 T: 24.05 degC, P: 1022.12 hPa, H: 37.68 %rH, G: 151996 Ohms
2020-01-06 13:56:29 T: 24.06 degC, P: 1022.12 hPa, H: 37.72 %rH, G: 150629 Ohms
2020-01-06 13:56:34 T: 24.06 degC, P: 1022.12 hPa, H: 37.70 %rH, G: 150359 Ohms
2020-01-06 13:56:39 T: 24.06 degC, P: 1022.12 hPa, H: 37.66 %rH, G: 151037 Ohms
2020-01-06 13:56:44 T: 24.06 degC, P: 1022.12 hPa, H: 37.67 %rH, G: 152134 Ohms
2020-01-06 13:56:49 T: 24.06 degC, P: 1022.10 hPa, H: 37.67 %rH, G: 151310 Ohms
2020-01-06 13:56:54 T: 24.06 degC, P: 1022.10 hPa, H: 37.64 %rH, G: 151173 Ohms
2020-01-06 13:56:59 T: 24.06 degC, P: 1022.12 hPa, H: 37.59 %rH, G: 152134 Ohms
2020-01-06 13:57:04 T: 24.06 degC, P: 1022.10 hPa, H: 37.60 %rH, G: 151310 Ohms
2020-01-06 13:57:09 T: 24.06 degC, P: 1022.10 hPa, H: 37.59 %rH, G: 150901 Ohms
2020-01-06 13:57:14 T: 24.06 degC, P: 1022.10 hPa, H: 37.59 %rH, G: 151584 Ohms
2020-01-06 13:57:19 T: 24.06 degC, P: 1022.10 hPa, H: 37.59 %rH, G: 152828 Ohms
2020-01-06 13:57:24 T: 24.06 degC, P: 1022.08 hPa, H: 37.59 %rH, G: 151859 Ohms
2020-01-06 13:57:29 T: 24.06 degC, P: 1022.10 hPa, H: 37.56 %rH, G: 151037 Ohms
2020-01-06 13:57:34 T: 24.06 degC, P: 1022.08 hPa, H: 37.57 %rH, G: 150901 Ohms
2020-01-06 13:57:39 T: 24.06 degC, P: 1022.08 hPa, H: 37.54 %rH, G: 152134 Ohms
2020-01-06 13:57:44 T: 24.06 degC, P: 1022.08 hPa, H: 37.53 %rH, G: 151721 Ohms
2020-01-06 13:57:49 T: 24.06 degC, P: 1022.08 hPa, H: 37.55 %rH, G: 152411 Ohms
2020-01-06 13:57:54 T: 24.06 degC, P: 1022.08 hPa, H: 37.60 %rH, G: 151037 Ohms
2020-01-06 13:57:59 T: 24.06 degC, P: 1022.08 hPa, H: 37.63 %rH, G: 151310 Ohms
2020-01-06 13:58:04 T: 24.06 degC, P: 1022.08 hPa, H: 37.63 %rH, G: 151584 Ohms
2020-01-06 13:58:09 T: 24.06 degC, P: 1022.08 hPa, H: 37.65 %rH, G: 151037 Ohms
2020-01-06 13:58:14 T: 24.06 degC, P: 1022.08 hPa, H: 37.69 %rH, G: 151310 Ohms
2020-01-06 13:58:19 T: 24.06 degC, P: 1022.08 hPa, H: 37.71 %rH, G: 150494 Ohms
2020-01-06 13:58:24 T: 24.06 degC, P: 1022.08 hPa, H: 37.68 %rH, G: 151996 Ohms
2020-01-06 13:58:29 T: 24.06 degC, P: 1022.08 hPa, H: 37.64 %rH, G: 152134 Ohms
2020-01-06 13:58:34 T: 24.06 degC, P: 1022.08 hPa, H: 37.64 %rH, G: 151859 Ohms
2020-01-06 13:58:40 T: 24.06 degC, P: 1022.08 hPa, H: 37.67 %rH, G: 152411 Ohms
2020-01-06 13:58:45 T: 24.06 degC, P: 1022.08 hPa, H: 37.65 %rH, G: 152273 Ohms
2020-01-06 13:58:50 T: 24.06 degC, P: 1022.08 hPa, H: 37.65 %rH, G: 152273 Ohms
2020-01-06 13:58:55 T: 24.06 degC, P: 1022.08 hPa, H: 37.67 %rH, G: 151859 Ohms
2020-01-06 13:59:00 T: 24.06 degC, P: 1022.08 hPa, H: 37.67 %rH, G: 151310 Ohms
2020-01-06 13:59:05 T: 24.06 degC, P: 1022.08 hPa, H: 37.68 %rH, G: 151447 Ohms
2020-01-06 13:59:10 T: 24.06 degC, P: 1022.08 hPa, H: 37.68 %rH, G: 152134 Ohms
2020-01-06 13:59:15 T: 24.06 degC, P: 1022.06 hPa, H: 37.70 %rH, G: 150901 Ohms
2020-01-06 13:59:20 T: 24.06 degC, P: 1022.06 hPa, H: 37.71 %rH, G: 151721 Ohms
2020-01-06 13:59:25 T: 24.06 degC, P: 1022.06 hPa, H: 37.72 %rH, G: 152689 Ohms
2020-01-06 13:59:30 T: 24.06 degC, P: 1022.06 hPa, H: 37.77 %rH, G: 151447 Ohms
2020-01-06 13:59:35 T: 24.06 degC, P: 1022.06 hPa, H: 37.76 %rH, G: 150629 Ohms
2020-01-06 13:59:40 T: 24.06 degC, P: 1022.06 hPa, H: 37.79 %rH, G: 151037 Ohms
2020-01-06 13:59:45 T: 24.06 degC, P: 1022.06 hPa, H: 37.79 %rH, G: 151447 Ohms
2020-01-06 13:59:50 T: 24.07 degC, P: 1022.06 hPa, H: 37.78 %rH, G: 151584 Ohms
2020-01-06 13:59:55 T: 24.07 degC, P: 1022.08 hPa, H: 37.79 %rH, G: 151447 Ohms
2020-01-06 14:00:00 T: 24.07 degC, P: 1022.10 hPa, H: 37.78 %rH, G: 151310 Ohms
2020-01-06 14:00:05 T: 24.07 degC, P: 1022.10 hPa, H: 37.76 %rH, G: 151173 Ohms
2020-01-06 14:00:10 T: 24.07 degC, P: 1022.10 hPa, H: 37.77 %rH, G: 150629 Ohms
2020-01-06 14:00:15 T: 24.07 degC, P: 1022.10 hPa, H: 37.77 %rH, G: 151721 Ohms
2020-01-06 14:00:20 T: 24.07 degC, P: 1022.10 hPa, H: 37.75 %rH, G: 150494 Ohms
2020-01-06 14:00:25 T: 24.07 degC, P: 1022.10 hPa, H: 37.75 %rH, G: 150901 Ohms
2020-01-06 14:00:30 T: 24.07 degC, P: 1022.10 hPa, H: 37.74 %rH, G: 151996 Ohms
2020-01-06 14:00:35 T: 24.07 degC, P: 1022.10 hPa, H: 37.74 %rH, G: 150224 Ohms
2020-01-06 14:00:40 T: 24.08 degC, P: 1022.08 hPa, H: 37.76 %rH, G: 150090 Ohms
2020-01-06 14:00:45 T: 24.08 degC, P: 1022.08 hPa, H: 37.75 %rH, G: 150224 Ohms
2020-01-06 14:00:50 T: 24.08 degC, P: 1022.08 hPa, H: 37.72 %rH, G: 150224 Ohms
2020-01-06 14:00:55 T: 24.08 degC, P: 1022.06 hPa, H: 37.73 %rH, G: 149821 Ohms
2020-01-06 14:01:00 T: 24.08 degC, P: 1022.06 hPa, H: 37.73 %rH, G: 149955 Ohms
2020-01-06 14:01:05 T: 24.08 degC, P: 1022.06 hPa, H: 37.68 %rH, G: 151310 Ohms
2020-01-06 14:01:10 T: 24.08 degC, P: 1022.06 hPa, H: 37.65 %rH, G: 150224 Ohms
2020-01-06 14:01:15 T: 24.08 degC, P: 1022.06 hPa, H: 37.64 %rH, G: 151310 Ohms
2020-01-06 14:01:20 T: 24.09 degC, P: 1022.06 hPa, H: 37.65 %rH, G: 150359 Ohms
2020-01-06 14:01:25 T: 24.09 degC, P: 1022.06 hPa, H: 37.65 %rH, G: 150901 Ohms
2020-01-06 14:01:30 T: 24.09 degC, P: 1022.08 hPa, H: 37.64 %rH, G: 150901 Ohms
2020-01-06 14:01:35 T: 24.09 degC, P: 1022.08 hPa, H: 37.65 %rH, G: 150629 Ohms
2020-01-06 14:01:40 T: 24.09 degC, P: 1022.08 hPa, H: 37.61 %rH, G: 150901 Ohms
2020-01-06 14:01:45 T: 24.10 degC, P: 1022.08 hPa, H: 37.60 %rH, G: 150901 Ohms
2020-01-06 14:01:50 T: 24.10 degC, P: 1022.06 hPa, H: 37.59 %rH, G: 151173 Ohms
2020-01-06 14:01:55 T: 24.10 degC, P: 1022.06 hPa, H: 37.61 %rH, G: 151310 Ohms
2020-01-06 14:02:00 T: 24.10 degC, P: 1022.06 hPa, H: 37.63 %rH, G: 151173 Ohms
2020-01-06 14:02:05 T: 24.10 degC, P: 1022.06 hPa, H: 37.66 %rH, G: 150494 Ohms
2020-01-06 14:02:10 T: 24.10 degC, P: 1022.08 hPa, H: 37.67 %rH, G: 151173 Ohms
2020-01-06 14:02:15 T: 24.10 degC, P: 1022.06 hPa, H: 37.66 %rH, G: 151721 Ohms
2020-01-06 14:02:20 T: 24.10 degC, P: 1022.06 hPa, H: 37.63 %rH, G: 151721 Ohms
2020-01-06 14:02:25 T: 24.10 degC, P: 1022.08 hPa, H: 37.65 %rH, G: 151173 Ohms
2020-01-06 14:02:30 T: 24.10 degC, P: 1022.08 hPa, H: 37.63 %rH, G: 150765 Ohms
2020-01-06 14:02:35 T: 24.10 degC, P: 1022.08 hPa, H: 37.65 %rH, G: 151447 Ohms
2020-01-06 14:02:40 T: 24.11 degC, P: 1022.10 hPa, H: 37.64 %rH, G: 152134 Ohms
2020-01-06 14:02:45 T: 24.11 degC, P: 1022.10 hPa, H: 37.70 %rH, G: 151310 Ohms
2020-01-06 14:02:50 T: 24.11 degC, P: 1022.08 hPa, H: 37.72 %rH, G: 151037 Ohms
2020-01-06 14:02:55 T: 24.11 degC, P: 1022.08 hPa, H: 37.73 %rH, G: 151584 Ohms
2020-01-06 14:03:00 T: 24.12 degC, P: 1022.06 hPa, H: 37.77 %rH, G: 150359 Ohms
2020-01-06 14:03:05 T: 24.12 degC, P: 1022.06 hPa, H: 37.73 %rH, G: 150629 Ohms
2020-01-06 14:03:10 T: 24.12 degC, P: 1022.08 hPa, H: 37.69 %rH, G: 149955 Ohms
2020-01-06 14:03:15 T: 24.13 degC, P: 1022.10 hPa, H: 37.69 %rH, G: 150629 Ohms
2020-01-06 14:03:20 T: 24.13 degC, P: 1022.10 hPa, H: 37.66 %rH, G: 151447 Ohms
2020-01-06 14:03:25 T: 24.13 degC, P: 1022.08 hPa, H: 37.62 %rH, G: 151037 Ohms
2020-01-06 14:03:30 T: 24.13 degC, P: 1022.08 hPa, H: 37.60 %rH, G: 150359 Ohms
2020-01-06 14:03:35 T: 24.13 degC, P: 1022.08 hPa, H: 37.59 %rH, G: 151310 Ohms
2020-01-06 14:03:40 T: 24.13 degC, P: 1022.06 hPa, H: 37.61 %rH, G: 151037 Ohms
2020-01-06 14:03:45 T: 24.14 degC, P: 1022.06 hPa, H: 37.66 %rH, G: 151173 Ohms
2020-01-06 14:03:50 T: 24.14 degC, P: 1022.06 hPa, H: 37.64 %rH, G: 150901 Ohms
2020-01-06 14:03:55 T: 24.14 degC, P: 1022.06 hPa, H: 37.62 %rH, G: 150629 Ohms
2020-01-06 14:04:00 T: 24.14 degC, P: 1022.04 hPa, H: 37.63 %rH, G: 150765 Ohms
2020-01-06 14:04:05 T: 24.15 degC, P: 1022.10 hPa, H: 37.64 %rH, G: 150494 Ohms
2020-01-06 14:04:10 T: 24.15 degC, P: 1022.08 hPa, H: 37.65 %rH, G: 150629 Ohms
2020-01-06 14:04:15 T: 24.15 degC, P: 1022.08 hPa, H: 37.65 %rH, G: 151037 Ohms
2020-01-06 14:04:20 T: 24.16 degC, P: 1022.08 hPa, H: 37.64 %rH, G: 150224 Ohms
2020-01-06 14:04:25 T: 24.16 degC, P: 1022.06 hPa, H: 37.62 %rH, G: 150629 Ohms
2020-01-06 14:04:30 T: 24.16 degC, P: 1022.06 hPa, H: 37.59 %rH, G: 150224 Ohms
2020-01-06 14:04:35 T: 24.16 degC, P: 1022.06 hPa, H: 37.59 %rH, G: 150494 Ohms
2020-01-06 14:04:40 T: 24.17 degC, P: 1022.08 hPa, H: 37.54 %rH, G: 151721 Ohms
2020-01-06 14:04:45 T: 24.17 degC, P: 1022.06 hPa, H: 37.55 %rH, G: 151721 Ohms
2020-01-06 14:04:50 T: 24.17 degC, P: 1022.08 hPa, H: 37.55 %rH, G: 151037 Ohms
2020-01-06 14:04:55 T: 24.17 degC, P: 1022.08 hPa, H: 37.55 %rH, G: 151037 Ohms
2020-01-06 14:05:00 T: 24.18 degC, P: 1022.06 hPa, H: 37.56 %rH, G: 151173 Ohms
2020-01-06 14:05:05 T: 24.18 degC, P: 1022.06 hPa, H: 37.63 %rH, G: 150629 Ohms
2020-01-06 14:05:10 T: 24.18 degC, P: 1022.06 hPa, H: 37.63 %rH, G: 150359 Ohms
2020-01-06 14:05:15 T: 24.18 degC, P: 1022.10 hPa, H: 37.61 %rH, G: 150359 Ohms
2020-01-06 14:05:20 T: 24.19 degC, P: 1022.08 hPa, H: 37.57 %rH, G: 151173 Ohms
2020-01-06 14:05:25 T: 24.19 degC, P: 1022.08 hPa, H: 37.54 %rH, G: 150901 Ohms
2020-01-06 14:05:30 T: 24.19 degC, P: 1022.08 hPa, H: 37.53 %rH, G: 151584 Ohms
2020-01-06 14:05:35 T: 24.19 degC, P: 1022.08 hPa, H: 37.55 %rH, G: 149287 Ohms
2020-01-06 14:05:40 T: 24.20 degC, P: 1022.06 hPa, H: 37.55 %rH, G: 150359 Ohms
2020-01-06 14:05:45 T: 24.20 degC, P: 1022.06 hPa, H: 37.56 %rH, G: 150494 Ohms
2020-01-06 14:05:50 T: 24.20 degC, P: 1022.06 hPa, H: 37.59 %rH, G: 150494 Ohms
2020-01-06 14:05:55 T: 24.20 degC, P: 1022.08 hPa, H: 37.56 %rH, G: 150359 Ohms
2020-01-06 14:06:00 T: 24.21 degC, P: 1022.08 hPa, H: 37.55 %rH, G: 150224 Ohms
2020-01-06 14:06:05 T: 24.21 degC, P: 1022.06 hPa, H: 37.54 %rH, G: 150765 Ohms
2020-01-06 14:06:10 T: 24.21 degC, P: 1022.06 hPa, H: 37.54 %rH, G: 150090 Ohms
2020-01-06 14:06:15 T: 24.21 degC, P: 1022.04 hPa, H: 37.59 %rH, G: 149955 Ohms
2020-01-06 14:06:20 T: 24.21 degC, P: 1022.04 hPa, H: 37.58 %rH, G: 150901 Ohms
2020-01-06 14:06:25 T: 24.21 degC, P: 1022.04 hPa, H: 37.55 %rH, G: 150224 Ohms
2020-01-06 14:06:30 T: 24.21 degC, P: 1022.04 hPa, H: 37.56 %rH, G: 150629 Ohms
2020-01-06 14:06:35 T: 24.21 degC, P: 1022.04 hPa, H: 37.55 %rH, G: 150494 Ohms
2020-01-06 14:06:40 T: 24.21 degC, P: 1022.02 hPa, H: 37.55 %rH, G: 150629 Ohms
2020-01-06 14:06:45 T: 24.21 degC, P: 1022.02 hPa, H: 37.55 %rH, G: 149687 Ohms
2020-01-06 14:06:50 T: 24.22 degC, P: 1022.02 hPa, H: 37.52 %rH, G: 150494 Ohms
2020-01-06 14:06:55 T: 24.22 degC, P: 1022.02 hPa, H: 37.53 %rH, G: 149955 Ohms
2020-01-06 14:07:00 T: 24.22 degC, P: 1022.02 hPa, H: 37.55 %rH, G: 149687 Ohms
2020-01-06 14:07:05 T: 24.22 degC, P: 1022.04 hPa, H: 37.55 %rH, G: 149554 Ohms
2020-01-06 14:07:10 T: 24.22 degC, P: 1022.06 hPa, H: 37.55 %rH, G: 149554 Ohms
2020-01-06 14:07:15 T: 24.22 degC, P: 1022.04 hPa, H: 37.54 %rH, G: 149955 Ohms
2020-01-06 14:07:20 T: 24.23 degC, P: 1022.04 hPa, H: 37.53 %rH, G: 150090 Ohms
2020-01-06 14:07:25 T: 24.23 degC, P: 1022.04 hPa, H: 37.56 %rH, G: 149154 Ohms
2020-01-06 14:07:30 T: 24.23 degC, P: 1022.04 hPa, H: 37.58 %rH, G: 149821 Ohms
2020-01-06 14:07:35 T: 24.23 degC, P: 1022.02 hPa, H: 37.64 %rH, G: 148099 Ohms
2020-01-06 14:07:40 T: 24.24 degC, P: 1022.02 hPa, H: 37.70 %rH, G: 148757 Ohms
2020-01-06 14:07:45 T: 24.24 degC, P: 1022.04 hPa, H: 37.72 %rH, G: 148889 Ohms
2020-01-06 14:07:50 T: 24.25 degC, P: 1022.04 hPa, H: 37.68 %rH, G: 149021 Ohms
2020-01-06 14:07:55 T: 24.25 degC, P: 1022.04 hPa, H: 37.64 %rH, G: 148889 Ohms
2020-01-06 14:08:00 T: 24.25 degC, P: 1022.04 hPa, H: 37.58 %rH, G: 149687 Ohms
2020-01-06 14:08:05 T: 24.26 degC, P: 1022.02 hPa, H: 37.60 %rH, G: 148361 Ohms
2020-01-06 14:08:10 T: 24.26 degC, P: 1022.00 hPa, H: 37.59 %rH, G: 148889 Ohms
2020-01-06 14:08:15 T: 24.26 degC, P: 1022.02 hPa, H: 37.55 %rH, G: 149287 Ohms
2020-01-06 14:08:20 T: 24.27 degC, P: 1022.02 hPa, H: 37.56 %rH, G: 148889 Ohms
2020-01-06 14:08:25 T: 24.27 degC, P: 1022.02 hPa, H: 37.57 %rH, G: 148099 Ohms
2020-01-06 14:08:30 T: 24.27 degC, P: 1022.02 hPa, H: 37.57 %rH, G: 148493 Ohms
2020-01-06 14:08:35 T: 24.28 degC, P: 1022.02 hPa, H: 37.54 %rH, G: 148625 Ohms
2020-01-06 14:08:40 T: 24.28 degC, P: 1022.00 hPa, H: 37.57 %rH, G: 148361 Ohms
2020-01-06 14:08:45 T: 24.28 degC, P: 1022.02 hPa, H: 37.61 %rH, G: 147707 Ohms
2020-01-06 14:08:50 T: 24.28 degC, P: 1022.02 hPa, H: 37.58 %rH, G: 149154 Ohms
2020-01-06 14:08:55 T: 24.29 degC, P: 1022.02 hPa, H: 37.49 %rH, G: 149287 Ohms
2020-01-06 14:09:00 T: 24.29 degC, P: 1022.00 hPa, H: 37.50 %rH, G: 148230 Ohms
2020-01-06 14:09:05 T: 24.29 degC, P: 1021.98 hPa, H: 37.57 %rH, G: 148361 Ohms
2020-01-06 14:09:10 T: 24.29 degC, P: 1021.98 hPa, H: 37.53 %rH, G: 148493 Ohms
2020-01-06 14:09:15 T: 24.30 degC, P: 1021.98 hPa, H: 37.49 %rH, G: 149287 Ohms
2020-01-06 14:09:20 T: 24.30 degC, P: 1021.98 hPa, H: 37.46 %rH, G: 149021 Ohms
2020-01-06 14:09:25 T: 24.30 degC, P: 1022.02 hPa, H: 37.42 %rH, G: 148230 Ohms
2020-01-06 14:09:30 T: 24.30 degC, P: 1022.04 hPa, H: 37.41 %rH, G: 148889 Ohms
2020-01-06 14:09:35 T: 24.30 degC, P: 1022.02 hPa, H: 37.44 %rH, G: 149154 Ohms
2020-01-06 14:09:40 T: 24.31 degC, P: 1022.02 hPa, H: 37.41 %rH, G: 149287 Ohms
2020-01-06 14:09:45 T: 24.31 degC, P: 1022.02 hPa, H: 37.38 %rH, G: 150090 Ohms
2020-01-06 14:09:50 T: 24.31 degC, P: 1022.02 hPa, H: 37.38 %rH, G: 148361 Ohms
2020-01-06 14:09:55 T: 24.31 degC, P: 1022.00 hPa, H: 37.40 %rH, G: 148757 Ohms
2020-01-06 14:10:00 T: 24.31 degC, P: 1022.00 hPa, H: 37.36 %rH, G: 149554 Ohms
2020-01-06 14:10:05 T: 24.31 degC, P: 1022.00 hPa, H: 37.35 %rH, G: 148493 Ohms
2020-01-06 14:10:10 T: 24.31 degC, P: 1022.00 hPa, H: 37.38 %rH, G: 149021 Ohms
2020-01-06 14:10:15 T: 24.31 degC, P: 1022.00 hPa, H: 37.35 %rH, G: 149287 Ohms
2020-01-06 14:10:20 T: 24.31 degC, P: 1021.98 hPa, H: 37.33 %rH, G: 148757 Ohms
2020-01-06 14:10:25 T: 24.31 degC, P: 1021.98 hPa, H: 37.33 %rH, G: 149955 Ohms
2020-01-06 14:10:30 T: 24.31 degC, P: 1021.98 hPa, H: 37.31 %rH, G: 149420 Ohms
2020-01-06 14:10:35 T: 24.31 degC, P: 1021.98 hPa, H: 37.34 %rH, G: 149554 Ohms
2020-01-06 14:10:40 T: 24.31 degC, P: 1021.98 hPa, H: 37.35 %rH, G: 149021 Ohms
2020-01-06 14:10:45 T: 24.31 degC, P: 1022.00 hPa, H: 37.34 %rH, G: 149287 Ohms
2020-01-06 14:10:50 T: 24.32 degC, P: 1022.00 hPa, H: 37.36 %rH, G: 148625 Ohms
2020-01-06 14:10:55 T: 24.32 degC, P: 1021.98 hPa, H: 37.37 %rH, G: 148493 Ohms
2020-01-06 14:11:00 T: 24.32 degC, P: 1021.98 hPa, H: 37.38 %rH, G: 148493 Ohms
2020-01-06 14:11:05 T: 24.32 degC, P: 1021.98 hPa, H: 37.37 %rH, G: 148625 Ohms
2020-01-06 14:11:10 T: 24.32 degC, P: 1021.98 hPa, H: 37.35 %rH, G: 149154 Ohms
2020-01-06 14:11:15 T: 24.32 degC, P: 1022.00 hPa, H: 37.35 %rH, G: 149287 Ohms
2020-01-06 14:11:20 T: 24.32 degC, P: 1022.00 hPa, H: 37.36 %rH, G: 148230 Ohms
2020-01-06 14:11:25 T: 24.32 degC, P: 1022.00 hPa, H: 37.31 %rH, G: 149021 Ohms
2020-01-06 14:11:30 T: 24.32 degC, P: 1022.00 hPa, H: 37.29 %rH, G: 149287 Ohms
2020-01-06 14:11:35 T: 24.32 degC, P: 1022.00 hPa, H: 37.29 %rH, G: 150090 Ohms
2020-01-06 14:11:40 T: 24.32 degC, P: 1022.00 hPa, H: 37.28 %rH, G: 148757 Ohms
2020-01-06 14:11:45 T: 24.33 degC, P: 1022.00 hPa, H: 37.26 %rH, G: 149420 Ohms
2020-01-06 14:11:50 T: 24.33 degC, P: 1022.00 hPa, H: 37.41 %rH, G: 148230 Ohms
2020-01-06 14:11:55 T: 24.33 degC, P: 1021.98 hPa, H: 37.57 %rH, G: 148099 Ohms
2020-01-06 14:12:00 T: 24.33 degC, P: 1022.00 hPa, H: 37.55 %rH, G: 148757 Ohms
2020-01-06 14:12:05 T: 24.33 degC, P: 1021.98 hPa, H: 37.44 %rH, G: 149021 Ohms
2020-01-06 14:12:10 T: 24.33 degC, P: 1021.98 hPa, H: 37.33 %rH, G: 148099 Ohms
2020-01-06 14:12:15 T: 24.33 degC, P: 1021.98 hPa, H: 37.30 %rH, G: 148230 Ohms
2020-01-06 14:12:20 T: 24.33 degC, P: 1021.98 hPa, H: 37.29 %rH, G: 149287 Ohms
2020-01-06 14:12:25 T: 24.33 degC, P: 1021.96 hPa, H: 37.26 %rH, G: 148757 Ohms
2020-01-06 14:12:30 T: 24.33 degC, P: 1021.98 hPa, H: 37.29 %rH, G: 149287 Ohms
2020-01-06 14:12:35 T: 24.33 degC, P: 1021.96 hPa, H: 37.29 %rH, G: 148493 Ohms
2020-01-06 14:12:40 T: 24.33 degC, P: 1021.96 hPa, H: 37.31 %rH, G: 148757 Ohms
2020-01-06 14:12:45 T: 24.33 degC, P: 1021.96 hPa, H: 37.29 %rH, G: 148757 Ohms
2020-01-06 14:12:50 T: 24.33 degC, P: 1021.96 hPa, H: 37.31 %rH, G: 148757 Ohms
2020-01-06 14:12:55 T: 24.33 degC, P: 1021.96 hPa, H: 37.30 %rH, G: 148625 Ohms
2020-01-06 14:13:00 T: 24.33 degC, P: 1021.96 hPa, H: 37.37 %rH, G: 148889 Ohms
2020-01-06 14:13:05 T: 24.33 degC, P: 1021.96 hPa, H: 37.38 %rH, G: 148099 Ohms
2020-01-06 14:13:10 T: 24.33 degC, P: 1021.96 hPa, H: 37.33 %rH, G: 148757 Ohms
2020-01-06 14:13:15 T: 24.33 degC, P: 1021.98 hPa, H: 37.24 %rH, G: 148230 Ohms
2020-01-06 14:13:20 T: 24.32 degC, P: 1021.98 hPa, H: 37.22 %rH, G: 149554 Ohms
2020-01-06 14:13:25 T: 24.32 degC, P: 1021.98 hPa, H: 37.21 %rH, G: 149955 Ohms
2020-01-06 14:13:30 T: 24.32 degC, P: 1021.98 hPa, H: 37.21 %rH, G: 148757 Ohms
2020-01-06 14:13:35 T: 24.32 degC, P: 1021.98 hPa, H: 37.27 %rH, G: 148757 Ohms
2020-01-06 14:13:40 T: 24.32 degC, P: 1021.96 hPa, H: 37.32 %rH, G: 148889 Ohms
2020-01-06 14:13:45 T: 24.33 degC, P: 1021.96 hPa, H: 37.31 %rH, G: 148361 Ohms
2020-01-06 14:13:50 T: 24.33 degC, P: 1021.96 hPa, H: 37.25 %rH, G: 147707 Ohms
2020-01-06 14:13:55 T: 24.33 degC, P: 1021.96 hPa, H: 37.24 %rH, G: 148625 Ohms
2020-01-06 14:14:00 T: 24.33 degC, P: 1021.96 hPa, H: 37.25 %rH, G: 149021 Ohms
2020-01-06 14:14:05 T: 24.33 degC, P: 1021.94 hPa, H: 37.24 %rH, G: 148493 Ohms
2020-01-06 14:14:10 T: 24.33 degC, P: 1021.94 hPa, H: 37.24 %rH, G: 149021 Ohms
2020-01-06 14:14:15 T: 24.33 degC, P: 1021.94 hPa, H: 37.27 %rH, G: 148361 Ohms
2020-01-06 14:14:20 T: 24.34 degC, P: 1021.94 hPa, H: 37.23 %rH, G: 149021 Ohms
2020-01-06 14:14:26 T: 24.34 degC, P: 1021.96 hPa, H: 37.17 %rH, G: 147059 Ohms
2020-01-06 14:14:31 T: 24.34 degC, P: 1021.94 hPa, H: 37.16 %rH, G: 147968 Ohms
2020-01-06 14:14:36 T: 24.34 degC, P: 1021.94 hPa, H: 37.15 %rH, G: 146673 Ohms
2020-01-06 14:14:41 T: 24.34 degC, P: 1021.94 hPa, H: 37.14 %rH, G: 148099 Ohms
2020-01-06 14:14:46 T: 24.34 degC, P: 1021.94 hPa, H: 37.17 %rH, G: 147968 Ohms
2020-01-06 14:14:52 T: 24.34 degC, P: 1021.96 hPa, H: 37.24 %rH, G: 145022 Ohms
2020-01-06 14:14:57 T: 24.34 degC, P: 1021.94 hPa, H: 37.25 %rH, G: 146544 Ohms
2020-01-06 14:15:02 T: 24.34 degC, P: 1021.94 hPa, H: 37.23 %rH, G: 147188 Ohms
2020-01-06 14:15:07 T: 24.34 degC, P: 1021.94 hPa, H: 37.21 %rH, G: 147447 Ohms
2020-01-06 14:15:12 T: 24.34 degC, P: 1021.92 hPa, H: 37.21 %rH, G: 147447 Ohms
2020-01-06 14:15:17 T: 24.35 degC, P: 1021.92 hPa, H: 37.25 %rH, G: 146930 Ohms
2020-01-06 14:15:22 T: 24.35 degC, P: 1021.92 hPa, H: 37.23 %rH, G: 147577 Ohms
2020-01-06 14:15:27 T: 24.35 degC, P: 1021.92 hPa, H: 37.23 %rH, G: 147059 Ohms
2020-01-06 14:15:32 T: 24.35 degC, P: 1021.91 hPa, H: 37.24 %rH, G: 147188 Ohms
2020-01-06 14:15:37 T: 24.35 degC, P: 1021.91 hPa, H: 37.25 %rH, G: 148230 Ohms
2020-01-06 14:15:42 T: 24.35 degC, P: 1021.91 hPa, H: 37.24 %rH, G: 147447 Ohms
2020-01-06 14:15:47 T: 24.35 degC, P: 1021.89 hPa, H: 37.25 %rH, G: 145779 Ohms
2020-01-06 14:15:52 T: 24.35 degC, P: 1021.89 hPa, H: 37.21 %rH, G: 147707 Ohms
2020-01-06 14:15:57 T: 24.35 degC, P: 1021.89 hPa, H: 37.22 %rH, G: 148099 Ohms
2020-01-06 14:16:02 T: 24.35 degC, P: 1021.89 hPa, H: 37.20 %rH, G: 147968 Ohms
2020-01-06 14:16:07 T: 24.35 degC, P: 1021.89 hPa, H: 37.20 %rH, G: 147707 Ohms
2020-01-06 14:16:12 T: 24.35 degC, P: 1021.89 hPa, H: 37.17 %rH, G: 147707 Ohms
2020-01-06 14:16:17 T: 24.35 degC, P: 1021.89 hPa, H: 37.20 %rH, G: 147188 Ohms
2020-01-06 14:16:22 T: 24.35 degC, P: 1021.89 hPa, H: 37.16 %rH, G: 147838 Ohms
2020-01-06 14:16:27 T: 24.35 degC, P: 1021.87 hPa, H: 37.13 %rH, G: 147707 Ohms
2020-01-06 14:16:32 T: 24.35 degC, P: 1021.87 hPa, H: 37.15 %rH, G: 147838 Ohms
2020-01-06 14:16:37 T: 24.35 degC, P: 1021.87 hPa, H: 37.18 %rH, G: 147838 Ohms
2020-01-06 14:16:42 T: 24.35 degC, P: 1021.87 hPa, H: 37.16 %rH, G: 147447 Ohms
2020-01-06 14:16:47 T: 24.34 degC, P: 1021.87 hPa, H: 37.14 %rH, G: 147838 Ohms
2020-01-06 14:16:52 T: 24.34 degC, P: 1021.89 hPa, H: 37.14 %rH, G: 147968 Ohms
2020-01-06 14:16:57 T: 24.34 degC, P: 1021.89 hPa, H: 37.15 %rH, G: 148099 Ohms
2020-01-06 14:17:02 T: 24.34 degC, P: 1021.87 hPa, H: 37.13 %rH, G: 148889 Ohms
2020-01-06 14:17:07 T: 24.34 degC, P: 1021.87 hPa, H: 37.13 %rH, G: 148230 Ohms
2020-01-06 14:17:12 T: 24.33 degC, P: 1021.87 hPa, H: 37.14 %rH, G: 148361 Ohms
2020-01-06 14:17:17 T: 24.33 degC, P: 1021.87 hPa, H: 37.15 %rH, G: 147838 Ohms
2020-01-06 14:17:22 T: 24.33 degC, P: 1021.87 hPa, H: 37.13 %rH, G: 147968 Ohms
2020-01-06 14:17:27 T: 24.33 degC, P: 1021.87 hPa, H: 37.11 %rH, G: 147968 Ohms
2020-01-06 14:17:32 T: 24.33 degC, P: 1021.87 hPa, H: 37.15 %rH, G: 147707 Ohms
2020-01-06 14:17:37 T: 24.33 degC, P: 1021.85 hPa, H: 37.18 %rH, G: 148099 Ohms
2020-01-06 14:17:42 T: 24.32 degC, P: 1021.85 hPa, H: 37.22 %rH, G: 147447 Ohms
2020-01-06 14:17:47 T: 24.32 degC, P: 1021.83 hPa, H: 37.20 %rH, G: 147707 Ohms
2020-01-06 14:17:52 T: 24.32 degC, P: 1021.83 hPa, H: 37.16 %rH, G: 147838 Ohms
2020-01-06 14:17:57 T: 24.32 degC, P: 1021.83 hPa, H: 37.18 %rH, G: 146801 Ohms
2020-01-06 14:18:02 T: 24.31 degC, P: 1021.83 hPa, H: 37.22 %rH, G: 147447 Ohms
2020-01-06 14:18:07 T: 24.31 degC, P: 1021.81 hPa, H: 37.20 %rH, G: 147838 Ohms
2020-01-06 14:18:12 T: 24.31 degC, P: 1021.81 hPa, H: 37.22 %rH, G: 148099 Ohms
2020-01-06 14:18:17 T: 24.30 degC, P: 1021.83 hPa, H: 37.22 %rH, G: 147707 Ohms
2020-01-06 14:18:22 T: 24.30 degC, P: 1021.83 hPa, H: 37.24 %rH, G: 147838 Ohms
2020-01-06 14:18:27 T: 24.30 degC, P: 1021.77 hPa, H: 37.25 %rH, G: 146801 Ohms
2020-01-06 14:18:32 T: 24.30 degC, P: 1021.77 hPa, H: 37.32 %rH, G: 147188 Ohms
2020-01-06 14:18:37 T: 24.29 degC, P: 1021.77 hPa, H: 37.28 %rH, G: 147447 Ohms
2020-01-06 14:18:42 T: 24.29 degC, P: 1021.79 hPa, H: 37.28 %rH, G: 148757 Ohms
2020-01-06 14:18:47 T: 24.29 degC, P: 1021.77 hPa, H: 37.26 %rH, G: 148099 Ohms
2020-01-06 14:18:52 T: 24.29 degC, P: 1021.79 hPa, H: 37.29 %rH, G: 148230 Ohms
2020-01-06 14:18:57 T: 24.29 degC, P: 1021.79 hPa, H: 37.29 %rH, G: 148625 Ohms
2020-01-06 14:19:02 T: 24.29 degC, P: 1021.79 hPa, H: 37.34 %rH, G: 147838 Ohms
2020-01-06 14:19:07 T: 24.29 degC, P: 1021.77 hPa, H: 37.35 %rH, G: 146930 Ohms
2020-01-06 14:19:12 T: 24.28 degC, P: 1021.77 hPa, H: 37.36 %rH, G: 147968 Ohms
2020-01-06 14:19:17 T: 24.28 degC, P: 1021.79 hPa, H: 37.35 %rH, G: 147577 Ohms
2020-01-06 14:19:22 T: 24.28 degC, P: 1021.77 hPa, H: 37.31 %rH, G: 147838 Ohms
2020-01-06 14:19:27 T: 24.27 degC, P: 1021.77 hPa, H: 37.25 %rH, G: 148099 Ohms
2020-01-06 14:19:32 T: 24.27 degC, P: 1021.77 hPa, H: 37.26 %rH, G: 147318 Ohms
2020-01-06 14:19:37 T: 24.27 degC, P: 1021.79 hPa, H: 37.20 %rH, G: 148889 Ohms
2020-01-06 14:19:42 T: 24.26 degC, P: 1021.79 hPa, H: 37.14 %rH, G: 148625 Ohms
2020-01-06 14:19:47 T: 24.26 degC, P: 1021.79 hPa, H: 37.19 %rH, G: 147968 Ohms
2020-01-06 14:19:52 T: 24.26 degC, P: 1021.79 hPa, H: 37.27 %rH, G: 147968 Ohms
2020-01-06 14:19:57 T: 24.26 degC, P: 1021.79 hPa, H: 37.35 %rH, G: 147707 Ohms
2020-01-06 14:20:02 T: 24.26 degC, P: 1021.77 hPa, H: 37.41 %rH, G: 147447 Ohms
2020-01-06 14:20:07 T: 24.26 degC, P: 1021.77 hPa, H: 37.43 %rH, G: 148099 Ohms
2020-01-06 14:20:12 T: 24.26 degC, P: 1021.77 hPa, H: 37.42 %rH, G: 147188 Ohms
2020-01-06 14:20:17 T: 24.26 degC, P: 1021.79 hPa, H: 37.43 %rH, G: 147188 Ohms
2020-01-06 14:20:22 T: 24.26 degC, P: 1021.81 hPa, H: 37.43 %rH, G: 147318 Ohms
2020-01-06 14:20:27 T: 24.26 degC, P: 1021.81 hPa, H: 37.46 %rH, G: 147447 Ohms
2020-01-06 14:20:32 T: 24.27 degC, P: 1021.81 hPa, H: 37.48 %rH, G: 147577 Ohms
2020-01-06 14:20:37 T: 24.27 degC, P: 1021.79 hPa, H: 37.56 %rH, G: 146801 Ohms
2020-01-06 14:20:42 T: 24.27 degC, P: 1021.79 hPa, H: 37.60 %rH, G: 147188 Ohms
2020-01-06 14:20:47 T: 24.28 degC, P: 1021.79 hPa, H: 37.61 %rH, G: 147447 Ohms
2020-01-06 14:20:52 T: 24.28 degC, P: 1021.81 hPa, H: 37.61 %rH, G: 146930 Ohms
2020-01-06 14:20:57 T: 24.29 degC, P: 1021.79 hPa, H: 37.52 %rH, G: 147447 Ohms
2020-01-06 14:21:02 T: 24.29 degC, P: 1021.79 hPa, H: 37.46 %rH, G: 147188 Ohms
2020-01-06 14:21:07 T: 24.30 degC, P: 1021.79 hPa, H: 37.46 %rH, G: 147188 Ohms
2020-01-06 14:21:12 T: 24.30 degC, P: 1021.83 hPa, H: 37.42 %rH, G: 147447 Ohms
2020-01-06 14:21:17 T: 24.31 degC, P: 1021.83 hPa, H: 37.43 %rH, G: 147707 Ohms
2020-01-06 14:21:22 T: 24.31 degC, P: 1021.83 hPa, H: 37.41 %rH, G: 147838 Ohms
2020-01-06 14:21:27 T: 24.32 degC, P: 1021.83 hPa, H: 37.35 %rH, G: 147447 Ohms
2020-01-06 14:21:32 T: 24.32 degC, P: 1021.81 hPa, H: 37.35 %rH, G: 147577 Ohms
2020-01-06 14:21:37 T: 24.32 degC, P: 1021.83 hPa, H: 37.35 %rH, G: 148361 Ohms
2020-01-06 14:21:42 T: 24.33 degC, P: 1021.83 hPa, H: 37.33 %rH, G: 146930 Ohms
2020-01-06 14:21:47 T: 24.33 degC, P: 1021.83 hPa, H: 37.28 %rH, G: 147838 Ohms
2020-01-06 14:21:52 T: 24.33 degC, P: 1021.81 hPa, H: 37.23 %rH, G: 147447 Ohms
2020-01-06 14:21:57 T: 24.33 degC, P: 1021.81 hPa, H: 37.24 %rH, G: 147838 Ohms
2020-01-06 14:22:02 T: 24.34 degC, P: 1021.81 hPa, H: 37.27 %rH, G: 147318 Ohms
2020-01-06 14:22:07 T: 24.34 degC, P: 1021.85 hPa, H: 37.35 %rH, G: 146673 Ohms
2020-01-06 14:22:12 T: 24.34 degC, P: 1021.83 hPa, H: 37.32 %rH, G: 146544 Ohms
2020-01-06 14:22:17 T: 24.35 degC, P: 1021.81 hPa, H: 37.31 %rH, G: 145652 Ohms
2020-01-06 14:22:22 T: 24.35 degC, P: 1021.81 hPa, H: 37.31 %rH, G: 147968 Ohms
2020-01-06 14:22:27 T: 24.35 degC, P: 1021.79 hPa, H: 37.24 %rH, G: 147577 Ohms
2020-01-06 14:22:32 T: 24.35 degC, P: 1021.81 hPa, H: 37.20 %rH, G: 147447 Ohms
2020-01-06 14:22:37 T: 24.36 degC, P: 1021.79 hPa, H: 37.21 %rH, G: 147447 Ohms
2020-01-06 14:22:43 T: 24.36 degC, P: 1021.83 hPa, H: 37.23 %rH, G: 147447 Ohms
2020-01-06 14:22:48 T: 24.36 degC, P: 1021.81 hPa, H: 37.21 %rH, G: 148099 Ohms
2020-01-06 14:22:53 T: 24.36 degC, P: 1021.81 hPa, H: 37.19 %rH, G: 147577 Ohms
2020-01-06 14:22:58 T: 24.36 degC, P: 1021.81 hPa, H: 37.24 %rH, G: 146673 Ohms
2020-01-06 14:23:03 T: 24.37 degC, P: 1021.79 hPa, H: 37.29 %rH, G: 146416 Ohms
2020-01-06 14:23:08 T: 24.37 degC, P: 1021.77 hPa, H: 37.28 %rH, G: 147188 Ohms
2020-01-06 14:23:13 T: 24.37 degC, P: 1021.77 hPa, H: 37.24 %rH, G: 147059 Ohms
2020-01-06 14:23:18 T: 24.38 degC, P: 1021.75 hPa, H: 37.20 %rH, G: 146930 Ohms
2020-01-06 14:23:23 T: 24.38 degC, P: 1021.75 hPa, H: 37.14 %rH, G: 147707 Ohms
2020-01-06 14:23:28 T: 24.38 degC, P: 1021.75 hPa, H: 37.07 %rH, G: 147447 Ohms
2020-01-06 14:23:33 T: 24.38 degC, P: 1021.77 hPa, H: 37.08 %rH, G: 147318 Ohms
2020-01-06 14:23:38 T: 24.38 degC, P: 1021.77 hPa, H: 37.10 %rH, G: 147707 Ohms
2020-01-06 14:23:43 T: 24.38 degC, P: 1021.75 hPa, H: 37.15 %rH, G: 146930 Ohms
2020-01-06 14:23:48 T: 24.38 degC, P: 1021.75 hPa, H: 37.18 %rH, G: 147059 Ohms
2020-01-06 14:23:53 T: 24.38 degC, P: 1021.75 hPa, H: 37.17 %rH, G: 147577 Ohms
2020-01-06 14:23:58 T: 24.38 degC, P: 1021.77 hPa, H: 37.11 %rH, G: 147059 Ohms
2020-01-06 14:24:03 T: 24.38 degC, P: 1021.77 hPa, H: 37.06 %rH, G: 147188 Ohms
2020-01-06 14:24:08 T: 24.38 degC, P: 1021.77 hPa, H: 37.04 %rH, G: 146930 Ohms
2020-01-06 14:24:13 T: 24.38 degC, P: 1021.75 hPa, H: 37.13 %rH, G: 147577 Ohms
2020-01-06 14:24:18 T: 24.38 degC, P: 1021.75 hPa, H: 37.21 %rH, G: 146288 Ohms
2020-01-06 14:24:23 T: 24.38 degC, P: 1021.75 hPa, H: 37.28 %rH, G: 146673 Ohms
2020-01-06 14:24:28 T: 24.38 degC, P: 1021.75 hPa, H: 37.24 %rH, G: 146033 Ohms
2020-01-06 14:24:33 T: 24.38 degC, P: 1021.75 hPa, H: 37.22 %rH, G: 146161 Ohms
2020-01-06 14:24:38 T: 24.38 degC, P: 1021.75 hPa, H: 37.23 %rH, G: 146288 Ohms
2020-01-06 14:24:43 T: 24.38 degC, P: 1021.75 hPa, H: 37.24 %rH, G: 146161 Ohms
2020-01-06 14:24:48 T: 24.38 degC, P: 1021.75 hPa, H: 37.22 %rH, G: 146930 Ohms
2020-01-06 14:24:53 T: 24.38 degC, P: 1021.75 hPa, H: 37.21 %rH, G: 146288 Ohms
2020-01-06 14:24:58 T: 24.38 degC, P: 1021.75 hPa, H: 37.19 %rH, G: 146801 Ohms
2020-01-06 14:25:03 T: 24.38 degC, P: 1021.75 hPa, H: 37.19 %rH, G: 146288 Ohms
2020-01-06 14:25:08 T: 24.38 degC, P: 1021.75 hPa, H: 37.19 %rH, G: 146288 Ohms
2020-01-06 14:25:13 T: 24.38 degC, P: 1021.75 hPa, H: 37.22 %rH, G: 146930 Ohms
2020-01-06 14:25:18 T: 24.38 degC, P: 1021.73 hPa, H: 37.22 %rH, G: 147318 Ohms
2020-01-06 14:25:23 T: 24.38 degC, P: 1021.75 hPa, H: 37.20 %rH, G: 146416 Ohms
2020-01-06 14:25:28 T: 24.38 degC, P: 1021.75 hPa, H: 37.24 %rH, G: 147059 Ohms
2020-01-06 14:25:33 T: 24.38 degC, P: 1021.75 hPa, H: 37.23 %rH, G: 147447 Ohms
2020-01-06 14:25:38 T: 24.38 degC, P: 1021.75 hPa, H: 37.23 %rH, G: 146801 Ohms
2020-01-06 14:25:43 T: 24.38 degC, P: 1021.75 hPa, H: 37.21 %rH, G: 147318 Ohms
2020-01-06 14:25:48 T: 24.38 degC, P: 1021.75 hPa, H: 37.24 %rH, G: 146161 Ohms
2020-01-06 14:25:53 T: 24.38 degC, P: 1021.75 hPa, H: 37.28 %rH, G: 146033 Ohms
2020-01-06 14:25:58 T: 24.38 degC, P: 1021.75 hPa, H: 37.29 %rH, G: 145652 Ohms
2020-01-06 14:26:03 T: 24.39 degC, P: 1021.77 hPa, H: 37.29 %rH, G: 146033 Ohms
2020-01-06 14:26:08 T: 24.39 degC, P: 1021.75 hPa, H: 37.30 %rH, G: 146161 Ohms
2020-01-06 14:26:13 T: 24.39 degC, P: 1021.75 hPa, H: 37.32 %rH, G: 144646 Ohms
2020-01-06 14:26:18 T: 24.39 degC, P: 1021.75 hPa, H: 37.25 %rH, G: 146416 Ohms
2020-01-06 14:26:23 T: 24.39 degC, P: 1021.75 hPa, H: 37.22 %rH, G: 145906 Ohms
2020-01-06 14:26:28 T: 24.39 degC, P: 1021.73 hPa, H: 37.23 %rH, G: 145906 Ohms
2020-01-06 14:26:33 T: 24.39 degC, P: 1021.73 hPa, H: 37.24 %rH, G: 145779 Ohms
2020-01-06 14:26:38 T: 24.39 degC, P: 1021.73 hPa, H: 37.26 %rH, G: 146801 Ohms
2020-01-06 14:26:43 T: 24.39 degC, P: 1021.73 hPa, H: 37.32 %rH, G: 146033 Ohms
2020-01-06 14:26:48 T: 24.39 degC, P: 1021.73 hPa, H: 37.35 %rH, G: 146416 Ohms
2020-01-06 14:26:53 T: 24.39 degC, P: 1021.75 hPa, H: 37.34 %rH, G: 146161 Ohms
2020-01-06 14:26:58 T: 24.39 degC, P: 1021.73 hPa, H: 37.32 %rH, G: 145779 Ohms
2020-01-06 14:27:03 T: 24.39 degC, P: 1021.75 hPa, H: 37.31 %rH, G: 145652 Ohms
2020-01-06 14:27:08 T: 24.39 degC, P: 1021.73 hPa, H: 37.33 %rH, G: 146288 Ohms
2020-01-06 14:27:13 T: 24.39 degC, P: 1021.73 hPa, H: 37.34 %rH, G: 145652 Ohms
2020-01-06 14:27:18 T: 24.39 degC, P: 1021.73 hPa, H: 37.34 %rH, G: 145273 Ohms
2020-01-06 14:27:23 T: 24.39 degC, P: 1021.75 hPa, H: 37.30 %rH, G: 145652 Ohms
2020-01-06 14:27:28 T: 24.40 degC, P: 1021.75 hPa, H: 37.32 %rH, G: 145779 Ohms
2020-01-06 14:27:33 T: 24.40 degC, P: 1021.77 hPa, H: 37.34 %rH, G: 144771 Ohms
2020-01-06 14:27:38 T: 24.40 degC, P: 1021.77 hPa, H: 37.31 %rH, G: 145147 Ohms
2020-01-06 14:27:43 T: 24.40 degC, P: 1021.77 hPa, H: 37.34 %rH, G: 144771 Ohms
2020-01-06 14:27:48 T: 24.40 degC, P: 1021.77 hPa, H: 37.37 %rH, G: 145526 Ohms
2020-01-06 14:27:53 T: 24.41 degC, P: 1021.75 hPa, H: 37.42 %rH, G: 144896 Ohms
2020-01-06 14:27:58 T: 24.41 degC, P: 1021.73 hPa, H: 37.45 %rH, G: 144148 Ohms
2020-01-06 14:28:03 T: 24.41 degC, P: 1021.73 hPa, H: 37.47 %rH, G: 144646 Ohms
2020-01-06 14:28:08 T: 24.42 degC, P: 1021.77 hPa, H: 37.33 %rH, G: 145022 Ohms
2020-01-06 14:28:13 T: 24.42 degC, P: 1021.77 hPa, H: 37.24 %rH, G: 144896 Ohms
2020-01-06 14:28:18 T: 24.42 degC, P: 1021.77 hPa, H: 37.18 %rH, G: 146161 Ohms
2020-01-06 14:28:23 T: 24.42 degC, P: 1021.77 hPa, H: 37.12 %rH, G: 145147 Ohms
2020-01-06 14:28:28 T: 24.42 degC, P: 1021.77 hPa, H: 37.12 %rH, G: 146673 Ohms
2020-01-06 14:28:33 T: 24.42 degC, P: 1021.77 hPa, H: 37.18 %rH, G: 145147 Ohms
2020-01-06 14:28:38 T: 24.42 degC, P: 1021.77 hPa, H: 37.26 %rH, G: 145273 Ohms
2020-01-06 14:28:43 T: 24.42 degC, P: 1021.77 hPa, H: 37.21 %rH, G: 145526 Ohms
2020-01-06 14:28:48 T: 24.43 degC, P: 1021.75 hPa, H: 37.19 %rH, G: 145022 Ohms
2020-01-06 14:28:53 T: 24.43 degC, P: 1021.75 hPa, H: 37.14 %rH, G: 145399 Ohms
2020-01-06 14:28:58 T: 24.43 degC, P: 1021.75 hPa, H: 37.12 %rH, G: 145526 Ohms
2020-01-06 14:29:03 T: 24.43 degC, P: 1021.73 hPa, H: 37.13 %rH, G: 146033 Ohms
2020-01-06 14:29:08 T: 24.43 degC, P: 1021.73 hPa, H: 37.18 %rH, G: 145147 Ohms
2020-01-06 14:29:13 T: 24.43 degC, P: 1021.73 hPa, H: 37.22 %rH, G: 144397 Ohms
2020-01-06 14:29:18 T: 24.43 degC, P: 1021.73 hPa, H: 37.26 %rH, G: 145022 Ohms
2020-01-06 14:29:23 T: 24.43 degC, P: 1021.73 hPa, H: 37.26 %rH, G: 144646 Ohms
2020-01-06 14:29:28 T: 24.43 degC, P: 1021.73 hPa, H: 37.27 %rH, G: 143900 Ohms
2020-01-06 14:29:33 T: 24.44 degC, P: 1021.77 hPa, H: 37.25 %rH, G: 144896 Ohms
2020-01-06 14:29:38 T: 24.43 degC, P: 1021.71 hPa, H: 37.20 %rH, G: 144646 Ohms
2020-01-06 14:29:43 T: 24.43 degC, P: 1021.71 hPa, H: 37.15 %rH, G: 145652 Ohms
2020-01-06 14:29:48 T: 24.43 degC, P: 1021.71 hPa, H: 37.15 %rH, G: 144521 Ohms
2020-01-06 14:29:53 T: 24.43 degC, P: 1021.73 hPa, H: 37.13 %rH, G: 145147 Ohms
2020-01-06 14:29:58 T: 24.43 degC, P: 1021.73 hPa, H: 37.12 %rH, G: 145399 Ohms
2020-01-06 14:30:03 T: 24.43 degC, P: 1021.73 hPa, H: 37.17 %rH, G: 145399 Ohms
2020-01-06 14:30:08 T: 24.43 degC, P: 1021.73 hPa, H: 37.11 %rH, G: 145022 Ohms
2020-01-06 14:30:13 T: 24.43 degC, P: 1021.73 hPa, H: 37.08 %rH, G: 145022 Ohms
2020-01-06 14:30:18 T: 24.43 degC, P: 1021.73 hPa, H: 37.08 %rH, G: 144771 Ohms
2020-01-06 14:30:23 T: 24.43 degC, P: 1021.73 hPa, H: 37.08 %rH, G: 145022 Ohms
2020-01-06 14:30:28 T: 24.43 degC, P: 1021.73 hPa, H: 37.02 %rH, G: 145273 Ohms
2020-01-06 14:30:33 T: 24.43 degC, P: 1021.73 hPa, H: 37.01 %rH, G: 145906 Ohms
2020-01-06 14:30:38 T: 24.43 degC, P: 1021.73 hPa, H: 37.00 %rH, G: 145273 Ohms
2020-01-06 14:30:43 T: 24.43 degC, P: 1021.73 hPa, H: 36.97 %rH, G: 145779 Ohms
2020-01-06 14:30:48 T: 24.43 degC, P: 1021.73 hPa, H: 37.02 %rH, G: 145906 Ohms
2020-01-06 14:30:53 T: 24.43 degC, P: 1021.73 hPa, H: 37.07 %rH, G: 144896 Ohms
2020-01-06 14:30:58 T: 24.43 degC, P: 1021.73 hPa, H: 37.11 %rH, G: 144896 Ohms
2020-01-06 14:31:03 T: 24.44 degC, P: 1021.79 hPa, H: 37.08 %rH, G: 145147 Ohms
2020-01-06 14:31:08 T: 24.44 degC, P: 1021.79 hPa, H: 37.10 %rH, G: 145147 Ohms
2020-01-06 14:31:13 T: 24.44 degC, P: 1021.79 hPa, H: 37.07 %rH, G: 145273 Ohms
2020-01-06 14:31:18 T: 24.44 degC, P: 1021.79 hPa, H: 36.99 %rH, G: 145273 Ohms
2020-01-06 14:31:23 T: 24.44 degC, P: 1021.79 hPa, H: 36.97 %rH, G: 145652 Ohms
2020-01-06 14:31:28 T: 24.44 degC, P: 1021.79 hPa, H: 36.96 %rH, G: 145022 Ohms
2020-01-06 14:31:33 T: 24.44 degC, P: 1021.79 hPa, H: 36.96 %rH, G: 145526 Ohms
2020-01-06 14:31:38 T: 24.44 degC, P: 1021.79 hPa, H: 36.97 %rH, G: 145399 Ohms
2020-01-06 14:31:43 T: 24.44 degC, P: 1021.79 hPa, H: 37.01 %rH, G: 145652 Ohms
2020-01-06 14:31:48 T: 24.45 degC, P: 1021.79 hPa, H: 37.00 %rH, G: 145779 Ohms
2020-01-06 14:31:53 T: 24.45 degC, P: 1021.79 hPa, H: 36.97 %rH, G: 145526 Ohms
2020-01-06 14:31:58 T: 24.45 degC, P: 1021.79 hPa, H: 36.94 %rH, G: 145022 Ohms
2020-01-06 14:32:03 T: 24.45 degC, P: 1021.77 hPa, H: 36.92 %rH, G: 145147 Ohms
2020-01-06 14:32:08 T: 24.45 degC, P: 1021.77 hPa, H: 36.90 %rH, G: 145526 Ohms
2020-01-06 14:32:13 T: 24.45 degC, P: 1021.77 hPa, H: 36.85 %rH, G: 146416 Ohms
2020-01-06 14:32:18 T: 24.45 degC, P: 1021.77 hPa, H: 36.85 %rH, G: 146673 Ohms
2020-01-06 14:32:23 T: 24.45 degC, P: 1021.75 hPa, H: 36.85 %rH, G: 146288 Ohms
2020-01-06 14:32:28 T: 24.45 degC, P: 1021.77 hPa, H: 36.87 %rH, G: 146161 Ohms
2020-01-06 14:32:33 T: 24.45 degC, P: 1021.77 hPa, H: 36.93 %rH, G: 145022 Ohms
2020-01-06 14:32:38 T: 24.45 degC, P: 1021.77 hPa, H: 36.96 %rH, G: 145526 Ohms
2020-01-06 14:32:43 T: 24.45 degC, P: 1021.77 hPa, H: 36.93 %rH, G: 146416 Ohms
2020-01-06 14:32:48 T: 24.45 degC, P: 1021.77 hPa, H: 36.92 %rH, G: 145147 Ohms
2020-01-06 14:32:53 T: 24.45 degC, P: 1021.77 hPa, H: 36.98 %rH, G: 145147 Ohms
2020-01-06 14:32:58 T: 24.46 degC, P: 1021.79 hPa, H: 37.01 %rH, G: 145399 Ohms
2020-01-06 14:33:03 T: 24.46 degC, P: 1021.79 hPa, H: 36.98 %rH, G: 145399 Ohms
2020-01-06 14:33:08 T: 24.46 degC, P: 1021.79 hPa, H: 36.94 %rH, G: 145652 Ohms
2020-01-06 14:33:13 T: 24.45 degC, P: 1021.77 hPa, H: 36.88 %rH, G: 146161 Ohms
2020-01-06 14:33:18 T: 24.46 degC, P: 1021.79 hPa, H: 36.84 %rH, G: 145652 Ohms
2020-01-06 14:33:23 T: 24.46 degC, P: 1021.79 hPa, H: 36.84 %rH, G: 145526 Ohms
2020-01-06 14:33:28 T: 24.46 degC, P: 1021.79 hPa, H: 36.81 %rH, G: 146033 Ohms
2020-01-06 14:33:33 T: 24.46 degC, P: 1021.79 hPa, H: 36.81 %rH, G: 146033 Ohms
2020-01-06 14:33:38 T: 24.46 degC, P: 1021.79 hPa, H: 36.81 %rH, G: 146544 Ohms
2020-01-06 14:33:43 T: 24.46 degC, P: 1021.79 hPa, H: 36.86 %rH, G: 145652 Ohms
2020-01-06 14:33:48 T: 24.46 degC, P: 1021.77 hPa, H: 36.84 %rH, G: 146161 Ohms
2020-01-06 14:33:53 T: 24.46 degC, P: 1021.77 hPa, H: 36.84 %rH, G: 146288 Ohms
2020-01-06 14:33:58 T: 24.46 degC, P: 1021.75 hPa, H: 36.86 %rH, G: 146544 Ohms
2020-01-06 14:34:03 T: 24.46 degC, P: 1021.75 hPa, H: 36.85 %rH, G: 146288 Ohms
2020-01-06 14:34:08 T: 24.46 degC, P: 1021.75 hPa, H: 36.86 %rH, G: 145906 Ohms
2020-01-06 14:34:13 T: 24.46 degC, P: 1021.75 hPa, H: 36.83 %rH, G: 146416 Ohms
2020-01-06 14:34:18 T: 24.46 degC, P: 1021.75 hPa, H: 36.87 %rH, G: 146161 Ohms
2020-01-06 14:34:23 T: 24.46 degC, P: 1021.75 hPa, H: 36.86 %rH, G: 145779 Ohms
2020-01-06 14:34:28 T: 24.45 degC, P: 1021.73 hPa, H: 36.80 %rH, G: 146801 Ohms
2020-01-06 14:34:33 T: 24.45 degC, P: 1021.71 hPa, H: 36.77 %rH, G: 145906 Ohms
2020-01-06 14:34:38 T: 24.45 degC, P: 1021.73 hPa, H: 36.79 %rH, G: 145652 Ohms
2020-01-06 14:34:43 T: 24.45 degC, P: 1021.73 hPa, H: 36.79 %rH, G: 145779 Ohms
2020-01-06 14:34:48 T: 24.45 degC, P: 1021.73 hPa, H: 36.71 %rH, G: 146161 Ohms
2020-01-06 14:34:53 T: 24.45 degC, P: 1021.73 hPa, H: 36.62 %rH, G: 146930 Ohms
2020-01-06 14:34:58 T: 24.45 degC, P: 1021.73 hPa, H: 36.60 %rH, G: 146288 Ohms
2020-01-06 14:35:03 T: 24.44 degC, P: 1021.75 hPa, H: 36.63 %rH, G: 146161 Ohms
2020-01-06 14:35:08 T: 24.44 degC, P: 1021.75 hPa, H: 36.68 %rH, G: 145906 Ohms
2020-01-06 14:35:13 T: 24.44 degC, P: 1021.75 hPa, H: 36.72 %rH, G: 145906 Ohms
2020-01-06 14:35:18 T: 24.44 degC, P: 1021.73 hPa, H: 36.79 %rH, G: 145779 Ohms
2020-01-06 14:35:23 T: 24.44 degC, P: 1021.73 hPa, H: 36.85 %rH, G: 145906 Ohms
2020-01-06 14:35:28 T: 24.44 degC, P: 1021.73 hPa, H: 36.83 %rH, G: 146033 Ohms
2020-01-06 14:35:33 T: 24.44 degC, P: 1021.73 hPa, H: 36.86 %rH, G: 145652 Ohms
2020-01-06 14:35:38 T: 24.44 degC, P: 1021.73 hPa, H: 36.81 %rH, G: 146161 Ohms
2020-01-06 14:35:43 T: 24.44 degC, P: 1021.73 hPa, H: 36.81 %rH, G: 146161 Ohms
2020-01-06 14:35:48 T: 24.44 degC, P: 1021.73 hPa, H: 36.77 %rH, G: 146801 Ohms
2020-01-06 14:35:53 T: 24.44 degC, P: 1021.75 hPa, H: 36.68 %rH, G: 146801 Ohms
2020-01-06 14:35:58 T: 24.44 degC, P: 1021.73 hPa, H: 36.68 %rH, G: 146288 Ohms
2020-01-06 14:36:03 T: 24.44 degC, P: 1021.73 hPa, H: 36.71 %rH, G: 146801 Ohms
2020-01-06 14:36:08 T: 24.44 degC, P: 1021.73 hPa, H: 36.70 %rH, G: 147188 Ohms
2020-01-06 14:36:13 T: 24.44 degC, P: 1021.73 hPa, H: 36.62 %rH, G: 145906 Ohms
2020-01-06 14:36:18 T: 24.44 degC, P: 1021.73 hPa, H: 36.67 %rH, G: 146161 Ohms
2020-01-06 14:36:23 T: 24.44 degC, P: 1021.73 hPa, H: 36.72 %rH, G: 145906 Ohms
2020-01-06 14:36:28 T: 24.44 degC, P: 1021.69 hPa, H: 36.66 %rH, G: 141589 Ohms
2020-01-06 14:36:33 T: 24.44 degC, P: 1021.67 hPa, H: 37.92 %rH, G: 141949 Ohms
2020-01-06 14:36:38 T: 24.42 degC, P: 1021.63 hPa, H: 38.77 %rH, G: 143040 Ohms
2020-01-06 14:36:43 T: 24.41 degC, P: 1021.65 hPa, H: 38.14 %rH, G: 143900 Ohms
2020-01-06 14:36:48 T: 24.39 degC, P: 1021.65 hPa, H: 37.79 %rH, G: 144896 Ohms
2020-01-06 14:36:53 T: 24.38 degC, P: 1021.69 hPa, H: 37.50 %rH, G: 145399 Ohms
2020-01-06 14:36:58 T: 24.36 degC, P: 1021.69 hPa, H: 37.27 %rH, G: 145906 Ohms
2020-01-06 14:37:03 T: 24.35 degC, P: 1021.69 hPa, H: 37.14 %rH, G: 145652 Ohms
2020-01-06 14:37:08 T: 24.34 degC, P: 1021.71 hPa, H: 37.08 %rH, G: 146161 Ohms
2020-01-06 14:37:13 T: 24.33 degC, P: 1021.69 hPa, H: 37.01 %rH, G: 146673 Ohms
2020-01-06 14:37:18 T: 24.33 degC, P: 1021.71 hPa, H: 36.95 %rH, G: 147577 Ohms
2020-01-06 14:37:23 T: 24.32 degC, P: 1021.71 hPa, H: 36.94 %rH, G: 147577 Ohms
2020-01-06 14:37:28 T: 24.31 degC, P: 1021.73 hPa, H: 36.92 %rH, G: 147188 Ohms
2020-01-06 14:37:33 T: 24.30 degC, P: 1021.73 hPa, H: 36.91 %rH, G: 147707 Ohms
2020-01-06 14:37:38 T: 24.29 degC, P: 1021.69 hPa, H: 36.94 %rH, G: 147059 Ohms
2020-01-06 14:37:43 T: 24.29 degC, P: 1021.69 hPa, H: 36.96 %rH, G: 147838 Ohms
2020-01-06 14:37:48 T: 24.28 degC, P: 1021.69 hPa, H: 36.94 %rH, G: 147577 Ohms
2020-01-06 14:37:53 T: 24.28 degC, P: 1021.67 hPa, H: 36.92 %rH, G: 147968 Ohms
2020-01-06 14:37:58 T: 24.28 degC, P: 1021.69 hPa, H: 36.96 %rH, G: 148493 Ohms
2020-01-06 14:38:03 T: 24.28 degC, P: 1021.67 hPa, H: 36.99 %rH, G: 147447 Ohms
2020-01-06 14:38:08 T: 24.28 degC, P: 1021.71 hPa, H: 36.99 %rH, G: 147318 Ohms
2020-01-06 14:38:13 T: 24.29 degC, P: 1021.69 hPa, H: 37.00 %rH, G: 148493 Ohms
2020-01-06 14:38:19 T: 24.30 degC, P: 1021.69 hPa, H: 37.00 %rH, G: 147318 Ohms
2020-01-06 14:38:24 T: 24.30 degC, P: 1021.75 hPa, H: 36.97 %rH, G: 148625 Ohms
2020-01-06 14:38:29 T: 24.30 degC, P: 1021.75 hPa, H: 36.96 %rH, G: 147838 Ohms
2020-01-06 14:38:34 T: 24.30 degC, P: 1021.71 hPa, H: 36.96 %rH, G: 148099 Ohms
2020-01-06 14:38:39 T: 24.30 degC, P: 1021.69 hPa, H: 36.96 %rH, G: 148625 Ohms
2020-01-06 14:38:44 T: 24.30 degC, P: 1021.69 hPa, H: 36.96 %rH, G: 148099 Ohms
2020-01-06 14:38:49 T: 24.29 degC, P: 1021.69 hPa, H: 36.96 %rH, G: 149154 Ohms
2020-01-06 14:38:54 T: 24.29 degC, P: 1021.69 hPa, H: 36.97 %rH, G: 147447 Ohms
2020-01-06 14:38:59 T: 24.29 degC, P: 1021.69 hPa, H: 37.00 %rH, G: 147968 Ohms
2020-01-06 14:39:04 T: 24.30 degC, P: 1021.67 hPa, H: 36.99 %rH, G: 148099 Ohms
2020-01-06 14:39:09 T: 24.30 degC, P: 1021.71 hPa, H: 36.99 %rH, G: 146544 Ohms
2020-01-06 14:39:14 T: 24.30 degC, P: 1021.71 hPa, H: 36.98 %rH, G: 147577 Ohms
2020-01-06 14:39:19 T: 24.31 degC, P: 1021.71 hPa, H: 36.97 %rH, G: 148493 Ohms
2020-01-06 14:39:24 T: 24.31 degC, P: 1021.69 hPa, H: 36.98 %rH, G: 147188 Ohms
2020-01-06 14:39:29 T: 24.31 degC, P: 1021.69 hPa, H: 37.03 %rH, G: 147707 Ohms
2020-01-06 14:39:34 T: 24.31 degC, P: 1021.69 hPa, H: 37.00 %rH, G: 148757 Ohms
2020-01-06 14:39:39 T: 24.31 degC, P: 1021.69 hPa, H: 36.97 %rH, G: 148230 Ohms
2020-01-06 14:39:44 T: 24.31 degC, P: 1021.69 hPa, H: 36.96 %rH, G: 147318 Ohms
2020-01-06 14:39:49 T: 24.31 degC, P: 1021.69 hPa, H: 36.94 %rH, G: 148493 Ohms
2020-01-06 14:39:54 T: 24.31 degC, P: 1021.69 hPa, H: 36.92 %rH, G: 147838 Ohms
2020-01-06 14:39:59 T: 24.31 degC, P: 1021.67 hPa, H: 36.90 %rH, G: 147968 Ohms
2020-01-06 14:40:04 T: 24.31 degC, P: 1021.65 hPa, H: 36.88 %rH, G: 147968 Ohms
2020-01-06 14:40:09 T: 24.30 degC, P: 1021.65 hPa, H: 36.87 %rH, G: 148361 Ohms
2020-01-06 14:40:14 T: 24.30 degC, P: 1021.65 hPa, H: 36.85 %rH, G: 147707 Ohms
2020-01-06 14:40:19 T: 24.30 degC, P: 1021.61 hPa, H: 36.85 %rH, G: 148625 Ohms
2020-01-06 14:40:24 T: 24.29 degC, P: 1021.61 hPa, H: 36.86 %rH, G: 147838 Ohms
2020-01-06 14:40:29 T: 24.29 degC, P: 1021.61 hPa, H: 36.89 %rH, G: 147447 Ohms
2020-01-06 14:40:34 T: 24.28 degC, P: 1021.63 hPa, H: 36.98 %rH, G: 147577 Ohms
2020-01-06 14:40:39 T: 24.28 degC, P: 1021.63 hPa, H: 37.04 %rH, G: 147447 Ohms
2020-01-06 14:40:44 T: 24.28 degC, P: 1021.61 hPa, H: 37.00 %rH, G: 147707 Ohms
2020-01-06 14:40:49 T: 24.27 degC, P: 1021.63 hPa, H: 36.93 %rH, G: 147707 Ohms
2020-01-06 14:40:54 T: 24.27 degC, P: 1021.61 hPa, H: 36.95 %rH, G: 148493 Ohms
2020-01-06 14:40:59 T: 24.27 degC, P: 1021.63 hPa, H: 36.94 %rH, G: 148099 Ohms
2020-01-06 14:41:04 T: 24.26 degC, P: 1021.63 hPa, H: 36.91 %rH, G: 148361 Ohms
2020-01-06 14:41:09 T: 24.26 degC, P: 1021.61 hPa, H: 36.87 %rH, G: 148230 Ohms
2020-01-06 14:41:14 T: 24.26 degC, P: 1021.61 hPa, H: 36.86 %rH, G: 147838 Ohms
2020-01-06 14:41:19 T: 24.26 degC, P: 1021.61 hPa, H: 36.88 %rH, G: 148361 Ohms
2020-01-06 14:41:24 T: 24.25 degC, P: 1021.61 hPa, H: 36.89 %rH, G: 148625 Ohms
2020-01-06 14:41:29 T: 24.25 degC, P: 1021.59 hPa, H: 36.93 %rH, G: 147968 Ohms
2020-01-06 14:41:34 T: 24.25 degC, P: 1021.59 hPa, H: 36.96 %rH, G: 147968 Ohms
2020-01-06 14:41:39 T: 24.25 degC, P: 1021.59 hPa, H: 36.97 %rH, G: 148361 Ohms
2020-01-06 14:41:44 T: 24.26 degC, P: 1021.57 hPa, H: 36.96 %rH, G: 147318 Ohms
2020-01-06 14:41:49 T: 24.26 degC, P: 1021.59 hPa, H: 37.08 %rH, G: 147577 Ohms
2020-01-06 14:41:54 T: 24.26 degC, P: 1021.61 hPa, H: 37.12 %rH, G: 148230 Ohms
2020-01-06 14:41:59 T: 24.26 degC, P: 1021.61 hPa, H: 37.08 %rH, G: 148230 Ohms
2020-01-06 14:42:04 T: 24.26 degC, P: 1021.63 hPa, H: 37.07 %rH, G: 148099 Ohms
2020-01-06 14:42:09 T: 24.26 degC, P: 1021.63 hPa, H: 37.05 %rH, G: 147968 Ohms
2020-01-06 14:42:14 T: 24.26 degC, P: 1021.63 hPa, H: 37.02 %rH, G: 147968 Ohms
2020-01-06 14:42:19 T: 24.27 degC, P: 1021.61 hPa, H: 37.12 %rH, G: 146673 Ohms
2020-01-06 14:42:24 T: 24.27 degC, P: 1021.61 hPa, H: 37.25 %rH, G: 146930 Ohms
2020-01-06 14:42:29 T: 24.27 degC, P: 1021.63 hPa, H: 37.32 %rH, G: 146033 Ohms
2020-01-06 14:42:34 T: 24.27 degC, P: 1021.61 hPa, H: 37.44 %rH, G: 146801 Ohms
2020-01-06 14:42:39 T: 24.27 degC, P: 1021.61 hPa, H: 37.34 %rH, G: 147188 Ohms
2020-01-06 14:42:44 T: 24.27 degC, P: 1021.61 hPa, H: 37.27 %rH, G: 147838 Ohms
2020-01-06 14:42:49 T: 24.27 degC, P: 1021.61 hPa, H: 37.19 %rH, G: 148361 Ohms
2020-01-06 14:42:54 T: 24.27 degC, P: 1021.59 hPa, H: 37.13 %rH, G: 147577 Ohms
2020-01-06 14:42:59 T: 24.27 degC, P: 1021.59 hPa, H: 37.08 %rH, G: 148099 Ohms
2020-01-06 14:43:04 T: 24.27 degC, P: 1021.59 hPa, H: 37.04 %rH, G: 148230 Ohms
2020-01-06 14:43:09 T: 24.27 degC, P: 1021.59 hPa, H: 37.01 %rH, G: 148099 Ohms
2020-01-06 14:43:14 T: 24.28 degC, P: 1021.59 hPa, H: 37.03 %rH, G: 146930 Ohms
2020-01-06 14:43:19 T: 24.28 degC, P: 1021.61 hPa, H: 37.03 %rH, G: 148361 Ohms
2020-01-06 14:43:24 T: 24.29 degC, P: 1021.59 hPa, H: 37.03 %rH, G: 148361 Ohms
2020-01-06 14:43:29 T: 24.29 degC, P: 1021.59 hPa, H: 37.01 %rH, G: 147577 Ohms
2020-01-06 14:43:34 T: 24.29 degC, P: 1021.59 hPa, H: 36.94 %rH, G: 149287 Ohms
2020-01-06 14:43:39 T: 24.30 degC, P: 1021.57 hPa, H: 36.70 %rH, G: 149154 Ohms
2020-01-06 14:43:44 T: 24.30 degC, P: 1021.61 hPa, H: 36.57 %rH, G: 148889 Ohms
2020-01-06 14:43:49 T: 24.30 degC, P: 1021.63 hPa, H: 36.45 %rH, G: 149287 Ohms
2020-01-06 14:43:54 T: 24.31 degC, P: 1021.63 hPa, H: 36.47 %rH, G: 149154 Ohms
2020-01-06 14:43:59 T: 24.31 degC, P: 1021.63 hPa, H: 36.46 %rH, G: 149154 Ohms
2020-01-06 14:44:04 T: 24.31 degC, P: 1021.63 hPa, H: 36.53 %rH, G: 149821 Ohms
2020-01-06 14:44:09 T: 24.31 degC, P: 1021.63 hPa, H: 36.61 %rH, G: 148757 Ohms
2020-01-06 14:44:14 T: 24.31 degC, P: 1021.61 hPa, H: 36.62 %rH, G: 148757 Ohms
2020-01-06 14:44:19 T: 24.31 degC, P: 1021.61 hPa, H: 36.62 %rH, G: 148625 Ohms
2020-01-06 14:44:24 T: 24.31 degC, P: 1021.61 hPa, H: 36.71 %rH, G: 148361 Ohms
2020-01-06 14:44:29 T: 24.31 degC, P: 1021.61 hPa, H: 36.76 %rH, G: 148361 Ohms
2020-01-06 14:44:34 T: 24.31 degC, P: 1021.59 hPa, H: 36.77 %rH, G: 149154 Ohms
2020-01-06 14:44:39 T: 24.31 degC, P: 1021.57 hPa, H: 36.77 %rH, G: 149154 Ohms
2020-01-06 14:44:44 T: 24.31 degC, P: 1021.59 hPa, H: 36.77 %rH, G: 148230 Ohms
2020-01-06 14:44:49 T: 24.31 degC, P: 1021.59 hPa, H: 36.77 %rH, G: 148757 Ohms
2020-01-06 14:44:54 T: 24.31 degC, P: 1021.59 hPa, H: 36.78 %rH, G: 148099 Ohms
2020-01-06 14:44:59 T: 24.31 degC, P: 1021.59 hPa, H: 36.80 %rH, G: 147968 Ohms
2020-01-06 14:45:04 T: 24.31 degC, P: 1021.57 hPa, H: 36.80 %rH, G: 148757 Ohms
2020-01-06 14:45:09 T: 24.31 degC, P: 1021.57 hPa, H: 36.79 %rH, G: 148099 Ohms
2020-01-06 14:45:14 T: 24.32 degC, P: 1021.57 hPa, H: 36.80 %rH, G: 147707 Ohms
2020-01-06 14:45:19 T: 24.32 degC, P: 1021.55 hPa, H: 36.78 %rH, G: 148493 Ohms
2020-01-06 14:45:24 T: 24.32 degC, P: 1021.55 hPa, H: 36.65 %rH, G: 149021 Ohms
2020-01-06 14:45:29 T: 24.32 degC, P: 1021.55 hPa, H: 36.64 %rH, G: 148099 Ohms
2020-01-06 14:45:34 T: 24.32 degC, P: 1021.57 hPa, H: 36.67 %rH, G: 148625 Ohms
2020-01-06 14:45:39 T: 24.32 degC, P: 1021.55 hPa, H: 36.68 %rH, G: 147968 Ohms
2020-01-06 14:45:44 T: 24.32 degC, P: 1021.55 hPa, H: 36.68 %rH, G: 148361 Ohms
2020-01-06 14:45:49 T: 24.32 degC, P: 1021.55 hPa, H: 36.68 %rH, G: 148625 Ohms
2020-01-06 14:45:54 T: 24.33 degC, P: 1021.57 hPa, H: 36.72 %rH, G: 148099 Ohms
2020-01-06 14:45:59 T: 24.32 degC, P: 1021.57 hPa, H: 36.71 %rH, G: 148625 Ohms
2020-01-06 14:46:04 T: 24.33 degC, P: 1021.55 hPa, H: 36.72 %rH, G: 147838 Ohms
2020-01-06 14:46:09 T: 24.33 degC, P: 1021.57 hPa, H: 36.73 %rH, G: 148493 Ohms
2020-01-06 14:46:14 T: 24.33 degC, P: 1021.55 hPa, H: 36.92 %rH, G: 147188 Ohms
2020-01-06 14:46:19 T: 24.33 degC, P: 1021.55 hPa, H: 36.95 %rH, G: 148099 Ohms
2020-01-06 14:46:24 T: 24.33 degC, P: 1021.55 hPa, H: 36.81 %rH, G: 148493 Ohms
2020-01-06 14:46:29 T: 24.33 degC, P: 1021.55 hPa, H: 36.64 %rH, G: 148493 Ohms
2020-01-06 14:46:34 T: 24.33 degC, P: 1021.55 hPa, H: 36.61 %rH, G: 147968 Ohms
2020-01-06 14:46:39 T: 24.33 degC, P: 1021.55 hPa, H: 36.64 %rH, G: 148625 Ohms
2020-01-06 14:46:44 T: 24.33 degC, P: 1021.55 hPa, H: 36.62 %rH, G: 147707 Ohms
2020-01-06 14:46:49 T: 24.34 degC, P: 1021.55 hPa, H: 36.60 %rH, G: 148361 Ohms
2020-01-06 14:46:54 T: 24.34 degC, P: 1021.57 hPa, H: 36.57 %rH, G: 148099 Ohms
2020-01-06 14:46:59 T: 24.34 degC, P: 1021.57 hPa, H: 36.53 %rH, G: 148493 Ohms
2020-01-06 14:47:04 T: 24.34 degC, P: 1021.57 hPa, H: 36.50 %rH, G: 148230 Ohms
2020-01-06 14:47:09 T: 24.34 degC, P: 1021.57 hPa, H: 36.48 %rH, G: 148230 Ohms
2020-01-06 14:47:14 T: 24.35 degC, P: 1021.55 hPa, H: 36.51 %rH, G: 147968 Ohms
2020-01-06 14:47:19 T: 24.35 degC, P: 1021.57 hPa, H: 36.56 %rH, G: 148493 Ohms
2020-01-06 14:47:24 T: 24.35 degC, P: 1021.57 hPa, H: 36.62 %rH, G: 148099 Ohms
2020-01-06 14:47:29 T: 24.35 degC, P: 1021.57 hPa, H: 36.69 %rH, G: 147318 Ohms
2020-01-06 14:47:34 T: 24.35 degC, P: 1021.57 hPa, H: 36.79 %rH, G: 147968 Ohms
2020-01-06 14:47:39 T: 24.35 degC, P: 1021.55 hPa, H: 36.79 %rH, G: 147447 Ohms
2020-01-06 14:47:44 T: 24.35 degC, P: 1021.55 hPa, H: 36.81 %rH, G: 148230 Ohms
2020-01-06 14:47:49 T: 24.35 degC, P: 1021.55 hPa, H: 36.79 %rH, G: 147577 Ohms
2020-01-06 14:47:54 T: 24.35 degC, P: 1021.55 hPa, H: 36.72 %rH, G: 148099 Ohms
2020-01-06 14:47:59 T: 24.36 degC, P: 1021.55 hPa, H: 36.75 %rH, G: 147968 Ohms
2020-01-06 14:48:04 T: 24.36 degC, P: 1021.55 hPa, H: 36.77 %rH, G: 148099 Ohms
2020-01-06 14:48:09 T: 24.36 degC, P: 1021.55 hPa, H: 36.78 %rH, G: 147447 Ohms
2020-01-06 14:48:14 T: 24.36 degC, P: 1021.55 hPa, H: 36.73 %rH, G: 148361 Ohms
2020-01-06 14:48:19 T: 24.37 degC, P: 1021.53 hPa, H: 36.70 %rH, G: 148625 Ohms
2020-01-06 14:48:24 T: 24.37 degC, P: 1021.53 hPa, H: 36.71 %rH, G: 148099 Ohms
2020-01-06 14:48:29 T: 24.37 degC, P: 1021.53 hPa, H: 36.74 %rH, G: 147968 Ohms
2020-01-06 14:48:34 T: 24.37 degC, P: 1021.53 hPa, H: 36.72 %rH, G: 147838 Ohms
2020-01-06 14:48:39 T: 24.37 degC, P: 1021.51 hPa, H: 36.73 %rH, G: 148493 Ohms
2020-01-06 14:48:44 T: 24.38 degC, P: 1021.51 hPa, H: 36.69 %rH, G: 147577 Ohms
2020-01-06 14:48:49 T: 24.38 degC, P: 1021.53 hPa, H: 36.58 %rH, G: 148757 Ohms
2020-01-06 14:48:54 T: 24.38 degC, P: 1021.53 hPa, H: 36.48 %rH, G: 148493 Ohms
2020-01-06 14:48:59 T: 24.38 degC, P: 1021.53 hPa, H: 36.40 %rH, G: 148230 Ohms
2020-01-06 14:49:04 T: 24.39 degC, P: 1021.51 hPa, H: 36.44 %rH, G: 147838 Ohms
2020-01-06 14:49:09 T: 24.39 degC, P: 1021.51 hPa, H: 36.52 %rH, G: 147838 Ohms
2020-01-06 14:49:14 T: 24.39 degC, P: 1021.49 hPa, H: 36.58 %rH, G: 147318 Ohms
2020-01-06 14:49:19 T: 24.39 degC, P: 1021.49 hPa, H: 36.59 %rH, G: 147968 Ohms
2020-01-06 14:49:24 T: 24.40 degC, P: 1021.49 hPa, H: 36.62 %rH, G: 148230 Ohms
2020-01-06 14:49:29 T: 24.40 degC, P: 1021.47 hPa, H: 36.65 %rH, G: 147838 Ohms
2020-01-06 14:49:34 T: 24.40 degC, P: 1021.47 hPa, H: 36.64 %rH, G: 148230 Ohms
2020-01-06 14:49:39 T: 24.40 degC, P: 1021.47 hPa, H: 36.63 %rH, G: 147707 Ohms
2020-01-06 14:49:44 T: 24.40 degC, P: 1021.49 hPa, H: 36.65 %rH, G: 148230 Ohms
2020-01-06 14:49:49 T: 24.40 degC, P: 1021.49 hPa, H: 36.68 %rH, G: 147577 Ohms
2020-01-06 14:49:54 T: 24.40 degC, P: 1021.49 hPa, H: 36.62 %rH, G: 148099 Ohms
2020-01-06 14:49:59 T: 24.40 degC, P: 1021.47 hPa, H: 36.58 %rH, G: 148230 Ohms
2020-01-06 14:50:04 T: 24.40 degC, P: 1021.47 hPa, H: 36.60 %rH, G: 148493 Ohms
2020-01-06 14:50:09 T: 24.40 degC, P: 1021.47 hPa, H: 36.63 %rH, G: 148361 Ohms
2020-01-06 14:50:14 T: 24.40 degC, P: 1021.47 hPa, H: 36.60 %rH, G: 147577 Ohms
2020-01-06 14:50:19 T: 24.40 degC, P: 1021.47 hPa, H: 36.55 %rH, G: 147707 Ohms
2020-01-06 14:50:24 T: 24.40 degC, P: 1021.45 hPa, H: 36.47 %rH, G: 149420 Ohms
2020-01-06 14:50:29 T: 24.41 degC, P: 1021.45 hPa, H: 36.46 %rH, G: 147838 Ohms
2020-01-06 14:50:34 T: 24.41 degC, P: 1021.45 hPa, H: 36.51 %rH, G: 147707 Ohms
2020-01-06 14:50:39 T: 24.41 degC, P: 1021.45 hPa, H: 36.58 %rH, G: 147318 Ohms
2020-01-06 14:50:44 T: 24.41 degC, P: 1021.45 hPa, H: 36.59 %rH, G: 147577 Ohms
2020-01-06 14:50:49 T: 24.41 degC, P: 1021.45 hPa, H: 36.63 %rH, G: 148757 Ohms
2020-01-06 14:50:54 T: 24.41 degC, P: 1021.45 hPa, H: 36.67 %rH, G: 147577 Ohms
2020-01-06 14:50:59 T: 24.41 degC, P: 1021.45 hPa, H: 36.71 %rH, G: 147577 Ohms
2020-01-06 14:51:04 T: 24.41 degC, P: 1021.43 hPa, H: 36.71 %rH, G: 147318 Ohms
2020-01-06 14:51:09 T: 24.41 degC, P: 1021.43 hPa, H: 36.71 %rH, G: 148230 Ohms
2020-01-06 14:51:14 T: 24.41 degC, P: 1021.43 hPa, H: 36.74 %rH, G: 146544 Ohms
2020-01-06 14:51:19 T: 24.42 degC, P: 1021.45 hPa, H: 36.81 %rH, G: 147447 Ohms
2020-01-06 14:51:24 T: 24.42 degC, P: 1021.43 hPa, H: 36.78 %rH, G: 147188 Ohms
2020-01-06 14:51:29 T: 24.42 degC, P: 1021.43 hPa, H: 36.73 %rH, G: 147059 Ohms
2020-01-06 14:51:34 T: 24.42 degC, P: 1021.41 hPa, H: 36.74 %rH, G: 146801 Ohms
2020-01-06 14:51:39 T: 24.43 degC, P: 1021.41 hPa, H: 36.68 %rH, G: 146930 Ohms
2020-01-06 14:51:44 T: 24.43 degC, P: 1021.41 hPa, H: 36.62 %rH, G: 148099 Ohms
2020-01-06 14:51:49 T: 24.43 degC, P: 1021.41 hPa, H: 36.59 %rH, G: 147447 Ohms
2020-01-06 14:51:54 T: 24.43 degC, P: 1021.40 hPa, H: 36.58 %rH, G: 147968 Ohms
2020-01-06 14:51:59 T: 24.44 degC, P: 1021.43 hPa, H: 36.52 %rH, G: 147577 Ohms
2020-01-06 14:52:04 T: 24.44 degC, P: 1021.43 hPa, H: 36.51 %rH, G: 147838 Ohms
2020-01-06 14:52:09 T: 24.44 degC, P: 1021.43 hPa, H: 36.50 %rH, G: 148230 Ohms
2020-01-06 14:52:14 T: 24.44 degC, P: 1021.43 hPa, H: 36.52 %rH, G: 147838 Ohms
2020-01-06 14:52:19 T: 24.44 degC, P: 1021.43 hPa, H: 36.55 %rH, G: 147188 Ohms
2020-01-06 14:52:24 T: 24.44 degC, P: 1021.43 hPa, H: 36.53 %rH, G: 147968 Ohms
2020-01-06 14:52:29 T: 24.45 degC, P: 1021.41 hPa, H: 36.60 %rH, G: 147318 Ohms
2020-01-06 14:52:34 T: 24.45 degC, P: 1021.41 hPa, H: 36.58 %rH, G: 147318 Ohms
2020-01-06 14:52:39 T: 24.46 degC, P: 1021.43 hPa, H: 36.55 %rH, G: 147447 Ohms
2020-01-06 14:52:44 T: 24.46 degC, P: 1021.43 hPa, H: 36.53 %rH, G: 147188 Ohms
2020-01-06 14:52:49 T: 24.47 degC, P: 1021.41 hPa, H: 36.56 %rH, G: 147188 Ohms
2020-01-06 14:52:54 T: 24.47 degC, P: 1021.41 hPa, H: 36.60 %rH, G: 147318 Ohms
2020-01-06 14:52:59 T: 24.47 degC, P: 1021.41 hPa, H: 36.61 %rH, G: 147318 Ohms
2020-01-06 14:53:04 T: 24.48 degC, P: 1021.43 hPa, H: 36.63 %rH, G: 147188 Ohms
2020-01-06 14:53:09 T: 24.48 degC, P: 1021.41 hPa, H: 36.67 %rH, G: 146673 Ohms
2020-01-06 14:53:14 T: 24.48 degC, P: 1021.40 hPa, H: 36.66 %rH, G: 146673 Ohms
2020-01-06 14:53:19 T: 24.48 degC, P: 1021.41 hPa, H: 36.63 %rH, G: 146930 Ohms
2020-01-06 14:53:24 T: 24.48 degC, P: 1021.40 hPa, H: 36.61 %rH, G: 146544 Ohms
2020-01-06 14:53:29 T: 24.49 degC, P: 1021.40 hPa, H: 36.63 %rH, G: 147059 Ohms
2020-01-06 14:53:34 T: 24.49 degC, P: 1021.40 hPa, H: 36.63 %rH, G: 147059 Ohms
2020-01-06 14:53:39 T: 24.49 degC, P: 1021.40 hPa, H: 36.66 %rH, G: 146673 Ohms
2020-01-06 14:53:44 T: 24.49 degC, P: 1021.40 hPa, H: 36.64 %rH, G: 146673 Ohms
2020-01-06 14:53:50 T: 24.48 degC, P: 1021.40 hPa, H: 36.63 %rH, G: 147188 Ohms
2020-01-06 14:53:55 T: 24.48 degC, P: 1021.40 hPa, H: 36.64 %rH, G: 147188 Ohms
2020-01-06 14:54:00 T: 24.48 degC, P: 1021.38 hPa, H: 36.63 %rH, G: 146416 Ohms
2020-01-06 14:54:05 T: 24.48 degC, P: 1021.38 hPa, H: 36.66 %rH, G: 146544 Ohms
2020-01-06 14:54:10 T: 24.48 degC, P: 1021.38 hPa, H: 36.67 %rH, G: 146673 Ohms
2020-01-06 14:54:15 T: 24.48 degC, P: 1021.38 hPa, H: 36.67 %rH, G: 146288 Ohms
2020-01-06 14:54:20 T: 24.48 degC, P: 1021.36 hPa, H: 36.68 %rH, G: 147188 Ohms
2020-01-06 14:54:25 T: 24.49 degC, P: 1021.36 hPa, H: 36.69 %rH, G: 146673 Ohms
2020-01-06 14:54:30 T: 24.49 degC, P: 1021.36 hPa, H: 36.70 %rH, G: 146161 Ohms
2020-01-06 14:54:35 T: 24.49 degC, P: 1021.36 hPa, H: 36.72 %rH, G: 145906 Ohms
2020-01-06 14:54:40 T: 24.49 degC, P: 1021.36 hPa, H: 36.73 %rH, G: 145906 Ohms
2020-01-06 14:54:45 T: 24.49 degC, P: 1021.36 hPa, H: 36.74 %rH, G: 145652 Ohms
2020-01-06 14:54:50 T: 24.49 degC, P: 1021.34 hPa, H: 36.71 %rH, G: 146161 Ohms
2020-01-06 14:54:55 T: 24.49 degC, P: 1021.34 hPa, H: 36.72 %rH, G: 146416 Ohms
2020-01-06 14:55:00 T: 24.49 degC, P: 1021.36 hPa, H: 36.73 %rH, G: 146416 Ohms
2020-01-06 14:55:05 T: 24.49 degC, P: 1021.34 hPa, H: 36.74 %rH, G: 145652 Ohms
2020-01-06 14:55:10 T: 24.50 degC, P: 1021.36 hPa, H: 36.75 %rH, G: 145906 Ohms
2020-01-06 14:55:15 T: 24.50 degC, P: 1021.36 hPa, H: 36.76 %rH, G: 145779 Ohms
2020-01-06 14:55:20 T: 24.50 degC, P: 1021.36 hPa, H: 36.80 %rH, G: 146161 Ohms
2020-01-06 14:55:25 T: 24.51 degC, P: 1021.36 hPa, H: 36.80 %rH, G: 146416 Ohms
2020-01-06 14:55:30 T: 24.51 degC, P: 1021.34 hPa, H: 36.76 %rH, G: 145779 Ohms
2020-01-06 14:55:35 T: 24.51 degC, P: 1021.34 hPa, H: 36.74 %rH, G: 145779 Ohms
2020-01-06 14:55:40 T: 24.51 degC, P: 1021.32 hPa, H: 36.73 %rH, G: 146416 Ohms
2020-01-06 14:55:45 T: 24.51 degC, P: 1021.32 hPa, H: 36.72 %rH, G: 146673 Ohms
2020-01-06 14:55:50 T: 24.51 degC, P: 1021.32 hPa, H: 36.71 %rH, G: 146801 Ohms
2020-01-06 14:55:55 T: 24.51 degC, P: 1021.32 hPa, H: 36.67 %rH, G: 145779 Ohms
2020-01-06 14:56:00 T: 24.52 degC, P: 1021.34 hPa, H: 36.58 %rH, G: 146161 Ohms
2020-01-06 14:56:05 T: 24.52 degC, P: 1021.34 hPa, H: 36.53 %rH, G: 147577 Ohms
2020-01-06 14:56:10 T: 24.52 degC, P: 1021.32 hPa, H: 36.49 %rH, G: 147447 Ohms
2020-01-06 14:56:15 T: 24.52 degC, P: 1021.32 hPa, H: 36.54 %rH, G: 146161 Ohms
2020-01-06 14:56:20 T: 24.53 degC, P: 1021.32 hPa, H: 36.60 %rH, G: 145906 Ohms
2020-01-06 14:56:25 T: 24.53 degC, P: 1021.30 hPa, H: 36.65 %rH, G: 145906 Ohms
2020-01-06 14:56:30 T: 24.53 degC, P: 1021.30 hPa, H: 36.66 %rH, G: 146033 Ohms
2020-01-06 14:56:35 T: 24.53 degC, P: 1021.30 hPa, H: 36.66 %rH, G: 146416 Ohms
2020-01-06 14:56:40 T: 24.53 degC, P: 1021.28 hPa, H: 36.66 %rH, G: 146801 Ohms
2020-01-06 14:56:45 T: 24.54 degC, P: 1021.32 hPa, H: 36.69 %rH, G: 146161 Ohms
2020-01-06 14:56:50 T: 24.54 degC, P: 1021.30 hPa, H: 36.71 %rH, G: 145779 Ohms
2020-01-06 14:56:55 T: 24.54 degC, P: 1021.30 hPa, H: 36.72 %rH, G: 146288 Ohms
2020-01-06 14:57:00 T: 24.55 degC, P: 1021.28 hPa, H: 36.72 %rH, G: 145906 Ohms
2020-01-06 14:57:05 T: 24.55 degC, P: 1021.26 hPa, H: 36.70 %rH, G: 146161 Ohms
2020-01-06 14:57:10 T: 24.55 degC, P: 1021.28 hPa, H: 36.70 %rH, G: 146416 Ohms
2020-01-06 14:57:15 T: 24.55 degC, P: 1021.28 hPa, H: 36.68 %rH, G: 145906 Ohms
2020-01-06 14:57:20 T: 24.55 degC, P: 1021.28 hPa, H: 36.66 %rH, G: 145652 Ohms
2020-01-06 14:57:25 T: 24.55 degC, P: 1021.28 hPa, H: 36.67 %rH, G: 146161 Ohms
2020-01-06 14:57:30 T: 24.55 degC, P: 1021.28 hPa, H: 36.69 %rH, G: 146416 Ohms
2020-01-06 14:57:35 T: 24.56 degC, P: 1021.26 hPa, H: 36.70 %rH, G: 145022 Ohms
2020-01-06 14:57:40 T: 24.56 degC, P: 1021.26 hPa, H: 36.71 %rH, G: 146161 Ohms
2020-01-06 14:57:45 T: 24.56 degC, P: 1021.26 hPa, H: 36.71 %rH, G: 145022 Ohms
2020-01-06 14:57:50 T: 24.56 degC, P: 1021.24 hPa, H: 36.73 %rH, G: 145147 Ohms
2020-01-06 14:57:55 T: 24.57 degC, P: 1021.24 hPa, H: 36.72 %rH, G: 146033 Ohms
2020-01-06 14:58:00 T: 24.57 degC, P: 1021.22 hPa, H: 36.71 %rH, G: 146544 Ohms
2020-01-06 14:58:05 T: 24.57 degC, P: 1021.28 hPa, H: 36.73 %rH, G: 146161 Ohms
2020-01-06 14:58:10 T: 24.58 degC, P: 1021.26 hPa, H: 36.72 %rH, G: 145652 Ohms
2020-01-06 14:58:15 T: 24.58 degC, P: 1021.26 hPa, H: 36.70 %rH, G: 145652 Ohms
2020-01-06 14:58:20 T: 24.58 degC, P: 1021.24 hPa, H: 36.68 %rH, G: 145906 Ohms
2020-01-06 14:58:25 T: 24.59 degC, P: 1021.24 hPa, H: 36.67 %rH, G: 144896 Ohms
2020-01-06 14:58:30 T: 24.59 degC, P: 1021.24 hPa, H: 36.66 %rH, G: 146673 Ohms
2020-01-06 14:58:35 T: 24.59 degC, P: 1021.24 hPa, H: 36.66 %rH, G: 146161 Ohms
2020-01-06 14:58:40 T: 24.59 degC, P: 1021.26 hPa, H: 36.64 %rH, G: 145652 Ohms
2020-01-06 14:58:45 T: 24.60 degC, P: 1021.26 hPa, H: 36.64 %rH, G: 144771 Ohms
2020-01-06 14:58:50 T: 24.60 degC, P: 1021.24 hPa, H: 36.65 %rH, G: 145399 Ohms
2020-01-06 14:58:55 T: 24.60 degC, P: 1021.24 hPa, H: 36.67 %rH, G: 144771 Ohms
2020-01-06 14:59:00 T: 24.60 degC, P: 1021.24 hPa, H: 36.65 %rH, G: 145779 Ohms
2020-01-06 14:59:05 T: 24.60 degC, P: 1021.22 hPa, H: 36.63 %rH, G: 146288 Ohms
2020-01-06 14:59:10 T: 24.60 degC, P: 1021.22 hPa, H: 36.63 %rH, G: 145526 Ohms
2020-01-06 14:59:15 T: 24.60 degC, P: 1021.22 hPa, H: 36.65 %rH, G: 145779 Ohms
2020-01-06 14:59:20 T: 24.60 degC, P: 1021.20 hPa, H: 36.66 %rH, G: 145147 Ohms
2020-01-06 14:59:25 T: 24.60 degC, P: 1021.20 hPa, H: 36.68 %rH, G: 145652 Ohms
2020-01-06 14:59:30 T: 24.60 degC, P: 1021.20 hPa, H: 36.69 %rH, G: 144521 Ohms
2020-01-06 14:59:35 T: 24.60 degC, P: 1021.18 hPa, H: 36.68 %rH, G: 145399 Ohms
2020-01-06 14:59:40 T: 24.61 degC, P: 1021.20 hPa, H: 36.64 %rH, G: 145779 Ohms
2020-01-06 14:59:45 T: 24.61 degC, P: 1021.20 hPa, H: 36.62 %rH, G: 146416 Ohms
2020-01-06 14:59:50 T: 24.61 degC, P: 1021.18 hPa, H: 36.60 %rH, G: 145022 Ohms
2020-01-06 14:59:55 T: 24.61 degC, P: 1021.22 hPa, H: 36.60 %rH, G: 145652 Ohms
2020-01-06 15:00:00 T: 24.62 degC, P: 1021.20 hPa, H: 36.60 %rH, G: 144521 Ohms
2020-01-06 15:00:05 T: 24.62 degC, P: 1021.20 hPa, H: 36.60 %rH, G: 146161 Ohms
2020-01-06 15:00:10 T: 24.62 degC, P: 1021.20 hPa, H: 36.56 %rH, G: 145022 Ohms
2020-01-06 15:00:15 T: 24.62 degC, P: 1021.20 hPa, H: 36.54 %rH, G: 144896 Ohms
2020-01-06 15:00:20 T: 24.61 degC, P: 1021.20 hPa, H: 36.52 %rH, G: 145273 Ohms
2020-01-06 15:00:25 T: 24.61 degC, P: 1021.18 hPa, H: 36.51 %rH, G: 146288 Ohms
2020-01-06 15:00:30 T: 24.61 degC, P: 1021.18 hPa, H: 36.49 %rH, G: 145652 Ohms
2020-01-06 15:00:35 T: 24.61 degC, P: 1021.18 hPa, H: 36.50 %rH, G: 144896 Ohms
2020-01-06 15:00:40 T: 24.60 degC, P: 1021.18 hPa, H: 36.51 %rH, G: 144896 Ohms
2020-01-06 15:00:45 T: 24.60 degC, P: 1021.16 hPa, H: 36.51 %rH, G: 145526 Ohms
